dataset,imbalance_ratio,model,balanced_accuracy,f1,f1_std,f1_rep1,f1_rep2,f1_rep3,f1_rep4,f1_rep5,precision,recall,training_time,model_size_kb
OnlineShoppers,1,DecisionTree,0.8465,0.8463162541258986,0.0019487480652554138,0.8476758490450724,0.8455105884899858,0.8494278497126754,0.8446961372480501,0.8442708461337094,0.8473020173546308,0.8456666666666668,0.05979433059692383,6.0400390625
OnlineShoppers,1,RandomForest,0.8562222222222222,0.8564032784073919,0.0014322780199797526,0.8560213943941548,0.8573725421658219,0.8586646896018986,0.8549809444803932,0.8549768213946916,0.8552578877280778,0.8576666666666667,0.6900199031829835,3952.302734375
OnlineShoppers,1,ExtraTrees,0.8329999999999999,0.8371053139638874,0.001832828620112615,0.8381427626738264,0.8349008688152413,0.8400178926875105,0.8368858917586953,0.8355791538841635,0.8168839701321451,0.8585555555555554,0.39920873641967775,11841.3369140625
OnlineShoppers,1,GradientBoosting,0.8552777777777777,0.8542749398588919,0.0022590330070033915,0.850346263865433,0.8536526491318345,0.8570861642572261,0.8547719333379569,0.8555176887020093,0.8600958014354261,0.8486666666666666,1.2779369354248047,839.693359375
OnlineShoppers,1,XGBoost,0.8482777777777778,0.8479722145745567,0.0029301428676454487,0.8504299248980649,0.849699566169587,0.8453623700552738,0.8507799263901715,0.8435892853596867,0.8495873403029325,0.8465555555555555,0.18957829475402832,330.396484375
OnlineShoppers,1,LightGBM,0.8495555555555556,0.8502609834307364,0.0009847202936271345,0.8499280183021616,0.849440528746442,0.8521423538747909,0.850257457701837,0.8495365585284503,0.8460936858709787,0.8547777777777779,0.270989351272583,677.466796875
OnlineShoppers,1,CatBoost,0.8554999999999999,0.8532194497407589,0.0006533664628985623,0.8531478777576581,0.853600801973734,0.8524848193729904,0.8526090880681478,0.8542546615312648,0.8665279683313314,0.8404444444444443,1.2577808666229249,202.3271484375
OnlineShoppers,4,DecisionTree,0.7756597222222222,0.6613004169884661,0.005322946230716234,0.6598893463822458,0.6633053679755677,0.6521677255242083,0.6683801724566706,0.6627594726036378,0.7275473515389008,0.6088888888888889,0.024035444259643556,6.0400390625
OnlineShoppers,4,RandomForest,0.7828472222222221,0.6769701337656506,0.009364340071453685,0.6592972435817036,0.6764431500103669,0.6802234721022662,0.6857779224443469,0.6831088806895692,0.752192260275326,0.6169444444444444,0.5598984050750733,3184.90625
OnlineShoppers,4,ExtraTrees,0.7224305555555556,0.5924485740357581,0.007936600416826896,0.5914477372414575,0.6037534967438007,0.5987717440435638,0.5821437303068782,0.5861261618430906,0.7805546592537594,0.47888888888888886,0.40883444786071776,9497.7431640625
OnlineShoppers,4,GradientBoosting,0.7859722222222223,0.675971879415483,0.009294423809710094,0.6597754723799379,0.6774851303305123,0.6879925610545838,0.674198533888013,0.6804076994243681,0.7301990283485502,0.6305555555555555,1.1189236640930176,842.65234375
OnlineShoppers,4,XGBoost,0.7844791666666666,0.671783341230614,0.007543340805905504,0.6599308031992626,0.6742276489738896,0.6817121803743246,0.667088214883612,0.6759578587219817,0.721195888690401,0.6302777777777778,0.21330060958862304,325.1474609375
OnlineShoppers,4,LightGBM,0.7871180555555556,0.676572910164327,0.0066533524508110425,0.6645018601326016,0.6772303392610721,0.6827623508617078,0.6825936529908725,0.6757763475753805,0.7272129792303137,0.6341666666666668,0.24559381484985351,677.806640625
OnlineShoppers,4,CatBoost,0.7970486111111111,0.6916086887129558,0.004244958933754634,0.684143414869493,0.6947440982575156,0.6964623569075089,0.6906979435741574,0.691995629956104,0.7369319044684965,0.6527777777777777,1.2446465873718262,202.7333984375
OnlineShoppers,9,DecisionTree,0.7211111111111113,0.5338859858604474,0.016822027729254625,0.5042327205404187,0.5359194386670151,0.5336647623476269,0.5393258957936351,0.5562871119535411,0.6214486637150941,0.4755555555555555,0.02147115707397461,5.8837890625
OnlineShoppers,9,RandomForest,0.6841666666666667,0.5035335399402483,0.004179975187011151,0.5082755838416215,0.5051447111004126,0.4997760452551039,0.49750331979611273,0.5069680397079905,0.7446417739527393,0.38333333333333336,0.5470772647857666,2340.1015625
OnlineShoppers,9,ExtraTrees,0.6286111111111111,0.3954929760055327,0.01713570862843632,0.39132152569874534,0.40440657376433736,0.40974213497715806,0.36377193261616253,0.4082227129712604,0.8008380072422178,0.265,0.361823148727417,7259.6005859375
OnlineShoppers,9,GradientBoosting,0.7116666666666667,0.5356487270636618,0.010557652624125384,0.545446328844974,0.5416561495637311,0.5334068898010733,0.5160563536495584,0.5416779134589725,0.6749395959711586,0.4477777777777777,1.0302134895324706,841.5302734375
OnlineShoppers,9,XGBoost,0.7112345679012345,0.5219117757552864,0.008553335901325166,0.5383743698624087,0.5157073895960786,0.5204702309785418,0.514733828963958,0.5202730593754445,0.6187427766529194,0.45388888888888895,0.19415045738220216,327.6806640625
OnlineShoppers,9,LightGBM,0.7083641975308642,0.5244967020073952,0.012584292461625249,0.5486923611327132,0.5222010772251424,0.5135038440085943,0.5158185134518923,0.5222677142186336,0.6474273191616977,0.44388888888888883,0.27110626220703127,679.42578125
OnlineShoppers,9,CatBoost,0.7213888888888887,0.550573357470781,0.005167489876599119,0.549342907465113,0.54097344068929,0.5545037230189773,0.5534804184967137,0.5545662976838102,0.6753271186382019,0.46833333333333327,1.2159059619903565,202.8583984375
Bank,1,DecisionTree,0.7968333333333334,0.796471662816761,0.002331598557046393,0.795646080063946,0.798265848575862,0.7923154064802549,0.7973850351760499,0.7987459437876917,0.798214597648984,0.7956666666666666,0.04517632484436035,25.88671875
Bank,1,RandomForest,0.8492777777777779,0.8543844212800057,0.002205738206339412,0.8564577181071289,0.8536863559485963,0.8572574239049491,0.8511966643418608,0.8533239440974931,0.8263962108413975,0.8845555555555555,0.6093425369262695,7307.4296875
Bank,1,ExtraTrees,0.8231666666666666,0.8219036534497672,0.001438165318867824,0.8244150604930157,0.8204627857368735,0.8220097202556728,0.8205232389148044,0.8221074618484693,0.8277548746980979,0.8164444444444444,0.4310472869873047,8246.55078125
Bank,1,GradientBoosting,0.8574444444444446,0.861130467798436,0.0030219130230577135,0.8630880831276813,0.8557546021556733,0.8616023055675178,0.8605586437423994,0.8646487043989083,0.8392354521495963,0.8844444444444445,1.6203545761108398,2066.53515625
Bank,1,XGBoost,0.8557777777777779,0.8595394898958739,0.0019603905669543058,0.8586203337708971,0.8581463676888144,0.8584329784424716,0.8590853704005994,0.863412399176587,0.8377735446117331,0.8827777777777779,0.348035249710083,577.599609375
Bank,1,LightGBM,0.8505000000000001,0.85376433728132,0.003701144770032934,0.8558617334585124,0.8496679851432114,0.8491503552581527,0.8585128338354157,0.8556287787113075,0.8355632348132177,0.873,0.3180831241607666,1074.765625
Bank,1,CatBoost,0.8628333333333335,0.8668597472959092,0.003218737200182603,0.866597605740106,0.8617576721409911,0.865381179533499,0.87050856472521,0.87005371433974,0.8424097898937484,0.8931111111111112,3.283963975906372,1646.55859375
Bank,4,DecisionTree,0.7111458333333333,0.5522197894140618,0.011157054956934464,0.5638103004645239,0.5500910722989123,0.5664064099567554,0.5392457914312911,0.5415453729188264,0.62660608110988,0.4969444444444445,0.037658491134643556,19.3212890625
Bank,4,RandomForest,0.7269444444444446,0.5896500603751227,0.014786296600116018,0.5757893016813774,0.6173112734897439,0.5894667894259372,0.5781959298060187,0.587487007472536,0.7117992039962412,0.5055555555555556,0.603000659942627,5631.80078125
Bank,4,ExtraTrees,0.665625,0.4827456791072914,0.0077675669324763705,0.4859235333496111,0.4950030618592132,0.47958014181824227,0.4713174419184141,0.48190421659097593,0.6932435546704119,0.3730555555555556,0.4155906391143799,6887.279296875
Bank,4,GradientBoosting,0.7647222222222222,0.6422480091267097,0.0032063886456619056,0.6367671825417871,0.645112578026569,0.64515218848615,0.6436343617381365,0.6405737348409059,0.7045690788172544,0.5922222222222222,1.61046142578125,1817.734375
Bank,4,XGBoost,0.7679861111111111,0.6454665931079827,0.009631326102527656,0.645092753250648,0.6633484469233754,0.6361925259776413,0.6378851934044455,0.644814045983803,0.7006362485701051,0.6008333333333333,0.34600703239440916,548.447265625
Bank,4,LightGBM,0.7585763888888889,0.6279766765976973,0.009773341816337676,0.6384892957540489,0.6398048508404603,0.6265764864976777,0.615780799932395,0.6192319499639047,0.6772950110719664,0.5880555555555557,0.31296515464782715,1078.115234375
Bank,4,CatBoost,0.7686805555555556,0.6476390884361768,0.005616332957989005,0.6464191524887739,0.6576169849675285,0.6411144198488843,0.6441136855153183,0.6489311993603788,0.7045701047342581,0.6008333333333333,3.450771884918213,1611.52734375
Bank,9,DecisionTree,0.6379012345679013,0.3732317552643997,0.009866361135490493,0.37517356993049866,0.38217449303209505,0.3843276743202445,0.3578658924700552,0.3666171465691054,0.4546247640292237,0.3188888888888889,0.04395874977111816,15.7275390625
Bank,9,RandomForest,0.5914506172839507,0.29641603076534656,0.02676250765582769,0.2762936063784217,0.32110523903944244,0.32254628261956847,0.25448983383765994,0.30764519195164003,0.6387227401494068,0.19555555555555554,0.6262365055084228,3951.365234375
Bank,9,ExtraTrees,0.5549382716049382,0.19588193634952672,0.01018923337328256,0.1888527274176542,0.20722090018989756,0.20687381208803193,0.18104679008934327,0.1954154519627066,0.5643700408638489,0.11999999999999998,0.40640408515930176,5218.5341796875
Bank,9,GradientBoosting,0.6593518518518519,0.43311344554842063,0.014690560169756658,0.40522857913038574,0.4403471696207645,0.43283574085300974,0.44745632315964806,0.43969941497829534,0.5865712134113865,0.34611111111111115,1.5819264602661134,1744.0380859375
Bank,9,XGBoost,0.6607098765432099,0.4333183238973367,0.006747676826351682,0.42429128053525356,0.4451508432439696,0.43267952272877047,0.4309303064513708,0.4335396665273194,0.5706318450486642,0.35111111111111115,0.294659366607666,523.744140625
Bank,9,LightGBM,0.653179012345679,0.41349008283300603,0.021394328773194443,0.405734574727421,0.45460393052773335,0.40921052631578947,0.40591444472391525,0.3919869378701712,0.5360866771808771,0.33888888888888885,0.35246016502380373,1085.134765625
Bank,9,CatBoost,0.6598765432098765,0.4346303379574188,0.010876105739629922,0.4514719491331288,0.43801705702231,0.41756153242177,0.4330104091677162,0.4330907420421687,0.5886388137752825,0.3472222222222222,3.1551428413391114,1610.44140625
