Administrative,Administrative_Duration,Informational,Informational_Duration,ProductRelated,ProductRelated_Duration,BounceRates,ExitRates,PageValues,SpecialDay,Month,OperatingSystems,Browser,Region,TrafficType,VisitorType,Weekend,Revenue
1,30.0,0,0.0,16,597.6,0.0,0.0125,0.0,0.0,Mar,1,1,3,2,Returning_Visitor,0,0
0,0.0,0,0.0,7,193.3333333,0.028571429,0.057142857,0.0,0.0,May,2,4,3,3,Returning_Visitor,0,0
6,77.33333333,1,52.33333333,6,126.6666667,0.0,0.016666667,0.0,0.0,Mar,1,1,1,2,Returning_Visitor,0,0
0,0.0,0,0.0,80,801.802381,0.0,0.0035,0.0,0.0,Mar,2,2,3,1,Returning_Visitor,0,0
4,251.0,9,172.0,64,4326.666667,0.008552632,0.024502924,0.0,0.0,Dec,2,2,4,2,Returning_Visitor,0,0
1,16.25,0,0.0,34,456.525,0.006060606,0.03030303,0.0,0.0,Nov,1,1,4,1,Returning_Visitor,1,0
1,153.5,0,0.0,20,1002.847222,0.0,0.00952381,41.13433129,0.0,Nov,2,2,4,2,Returning_Visitor,0,0
0,0.0,0,0.0,13,324.0,0.0,0.003030303,0.0,0.0,May,2,2,2,2,New_Visitor,1,0
4,226.6,2,7.0,33,849.7444444,0.021929825,0.042105263,0.0,0.0,Sep,3,2,1,13,Returning_Visitor,1,0
2,14.0,2,189.0,134,6732.124414,0.008018648,0.025030224,0.0,0.0,Nov,1,8,3,11,Returning_Visitor,0,0
3,86.95,6,173.2,17,481.31,0.0,0.0,27.69500776,0.0,Nov,2,2,9,20,New_Visitor,0,1
0,0.0,1,172.0,21,564.5,0.0,0.042965368,0.0,0.8,May,3,3,2,1,Returning_Visitor,0,0
3,314.5,0,0.0,22,2837.166667,0.0,0.008333333,0.0,0.0,May,2,4,2,2,New_Visitor,0,0
0,0.0,6,129.125,47,1117.642857,0.00754717,0.019339623,0.0,0.0,Dec,1,1,1,2,Returning_Visitor,0,0
5,188.0,0,0.0,22,352.8,0.0,0.008,0.0,0.2,May,2,2,3,2,New_Visitor,0,0
1,7.125,6,1043.928571,73,3585.177579,0.008175105,0.024451608,0.0,0.0,Nov,3,2,5,2,Returning_Visitor,0,0
5,100.9166667,0,0.0,114,3488.070803,8.14e-05,0.022685492,5.698711043,0.0,Nov,2,2,3,2,Returning_Visitor,0,0
0,0.0,0,0.0,22,1664.0,0.03030303,0.032424242,0.0,0.0,Nov,1,1,1,2,Returning_Visitor,0,1
7,52.4,3,202.5,55,1995.466667,0.003333333,0.025396825,1.8315,0.0,May,2,2,6,13,Returning_Visitor,0,0
6,55.0,1,7.0,132,4056.175369,0.005882353,0.019282953,0.0,0.0,Mar,2,2,8,2,Returning_Visitor,0,0
0,0.0,0,0.0,2,22.0,0.0,0.1,0.0,0.0,Mar,2,2,1,1,Returning_Visitor,0,0
2,32.0,0,0.0,7,164.5,0.0,0.008333333,0.0,0.4,May,2,2,1,4,Returning_Visitor,0,0
1,21.5,2,323.0,14,836.8333333,0.0,0.001904762,0.0,0.0,May,2,2,8,2,New_Visitor,0,0
4,292.1904762,1,194.5,56,1948.713745,0.001724138,0.021055381,14.69293103,0.0,May,1,2,3,2,Returning_Visitor,0,1
1,4.0,0,0.0,26,242.1095238,0.0,0.004273504,0.0,0.0,June,4,1,2,1,Returning_Visitor,0,0
0,0.0,0,0.0,12,554.5,0.0,0.018181818,49.62545455,0.0,May,2,4,5,2,New_Visitor,0,1
6,276.0,0,0.0,24,1021.2,0.014285714,0.022619048,82.4326349,0.0,Dec,1,1,3,1,Returning_Visitor,1,0
5,36.33333333,3,53.0,22,406.0,0.002564103,0.013461538,0.0,0.0,Mar,4,1,1,1,Returning_Visitor,0,0
9,443.2916667,1,0.0,74,3615.889239,0.007028112,0.016930138,1.119759036,0.8,May,2,2,3,1,Returning_Visitor,0,0
0,0.0,0,0.0,2,0.0,0.2,0.2,0.0,0.0,June,1,1,3,2,Returning_Visitor,0,0
9,249.5,0,0.0,66,2506.333333,0.015277778,0.041369048,13.99708333,0.0,May,2,2,6,6,Returning_Visitor,0,1
0,0.0,0,0.0,2,29.0,0.0,0.05,0.0,0.0,Nov,1,1,3,3,Returning_Visitor,0,0
0,0.0,0,0.0,4,14.2,0.1,0.15,0.0,0.0,Oct,1,1,1,1,Returning_Visitor,1,0
1,3.0,1,302.0,7,539.5,0.0,0.0125,0.0,0.0,Dec,2,2,4,2,Other,1,0
0,0.0,0,0.0,11,109.5,0.0,0.022222222,0.0,0.0,Dec,4,1,1,8,New_Visitor,0,0
7,66.0,0,0.0,6,146.5,0.0,0.018181818,0.0,0.0,Nov,2,4,1,2,New_Visitor,0,0
4,135.6666667,0,0.0,28,615.8166667,0.007407407,0.016049383,0.0,0.0,May,1,1,1,4,Returning_Visitor,0,0
0,0.0,0,0.0,27,1224.541667,0.0,0.024691358,0.0,0.0,Dec,4,2,1,2,New_Visitor,1,0
2,33.0,0,0.0,22,460.6666667,0.0,0.025,0.0,0.6,May,3,2,3,1,Returning_Visitor,0,0
0,0.0,0,0.0,2,42.0,0.05,0.15,0.0,0.4,Feb,2,2,1,4,Returning_Visitor,0,0
1,90.0,1,34.0,57,1092.364286,0.0,0.006321839,19.11506897,0.6,May,2,2,7,4,Returning_Visitor,0,1
6,113.0,0,0.0,18,359.4,0.008333333,0.05,0.0,0.0,Sep,2,2,3,1,Returning_Visitor,0,0
0,0.0,0,0.0,7,108.25,0.0,0.028571429,0.0,0.0,Dec,2,2,7,2,New_Visitor,1,0
9,181.275,2,65.0,120,3283.715359,0.004651163,0.024543027,2.442153455,0.0,Nov,1,2,1,2,Returning_Visitor,0,0
0,0.0,0,0.0,8,101.75,0.025,0.075,0.0,0.0,Nov,2,2,6,2,Returning_Visitor,0,0
0,0.0,0,0.0,11,382.25,0.018181818,0.063636364,0.0,0.0,Dec,2,2,3,2,Returning_Visitor,0,0
0,0.0,0,0.0,4,253.0,0.0,0.016666667,0.0,0.6,Feb,2,2,3,3,Returning_Visitor,0,0
0,0.0,0,0.0,5,0.0,0.2,0.2,0.0,0.0,Jul,3,2,2,13,Returning_Visitor,1,0
1,13.0,0,0.0,28,611.94,0.0,0.006896552,0.0,0.0,Sep,3,2,1,1,Returning_Visitor,0,0
0,0.0,0,0.0,9,249.41,0.022222222,0.005128205,0.0,0.0,Nov,1,2,1,4,Returning_Visitor,0,0
8,183.0833333,1,40.5,349,6879.801826,0.000568182,0.004306345,1.625051033,0.0,Nov,4,2,9,10,Returning_Visitor,0,0
4,23.375,2,231.6,35,996.1480769,0.006081081,0.041741742,0.0,0.0,Nov,2,2,5,2,Returning_Visitor,1,0
4,84.0,0,0.0,35,1059.0,0.0,0.005882353,0.0,0.0,Mar,2,2,3,2,New_Visitor,0,0
0,0.0,0,0.0,1,0.0,0.2,0.2,0.0,0.0,Dec,3,2,1,1,Other,0,0
0,0.0,0,0.0,3,31.0,0.066666667,0.133333333,0.0,0.0,May,2,2,4,3,Returning_Visitor,0,0
7,131.8333333,0,0.0,63,2074.611111,0.010793651,0.02000962,0.0,0.0,Dec,3,2,3,10,Returning_Visitor,0,0
0,0.0,0,0.0,5,54.33333333,0.0,0.02,0.0,0.0,Dec,1,2,1,3,Returning_Visitor,0,0
5,48.97619048,1,65.0,40,1159.5671,0.0,0.016324111,12.48912129,0.0,Dec,1,1,4,2,Returning_Visitor,1,0
0,0.0,0,0.0,3,0.0,0.2,0.2,0.0,0.0,Nov,3,2,4,3,Returning_Visitor,1,0
7,294.0,0,0.0,7,639.0,0.0,0.018181818,0.0,0.0,Dec,2,4,9,10,Returning_Visitor,0,0
0,0.0,0,0.0,159,5878.940603,0.008962264,0.018569755,0.0,0.0,Nov,3,2,1,2,Returning_Visitor,0,1
4,131.1,0,0.0,13,777.05,0.0,0.003921569,0.0,0.0,Oct,2,2,1,2,Returning_Visitor,0,0
0,0.0,0,0.0,25,903.7,0.036,0.059393939,0.0,0.0,May,2,2,3,4,Returning_Visitor,0,0
2,21.33333333,0,0.0,3,45.33333333,0.0,0.0125,0.0,0.0,May,3,2,4,4,Returning_Visitor,1,0
0,0.0,0,0.0,2,233.5,0.0,0.033333333,0.0,0.0,May,1,1,1,1,Returning_Visitor,0,0
6,111.0,0,0.0,12,202.25,0.025,0.029166667,0.0,0.0,Mar,3,2,1,1,Returning_Visitor,1,0
5,505.0,0,0.0,85,2197.195238,0.015,0.029405769,13.77355814,0.8,May,2,2,1,2,Returning_Visitor,0,0
1,11.0,0,0.0,5,71.0,0.0,0.033333333,0.0,0.0,Mar,2,2,6,3,Returning_Visitor,0,0
9,444.2847222,0,0.0,534,18504.12621,0.010856514,0.023309001,2.54795624,0.0,Nov,2,2,3,2,Returning_Visitor,1,1
6,1489.041667,0,0.0,12,879.8,0.0,0.005555556,0.0,0.0,Nov,2,2,4,2,New_Visitor,1,0
7,56.3,0,0.0,15,315.4,0.0,0.011111111,0.0,0.0,Oct,2,2,1,2,New_Visitor,0,0
0,0.0,0,0.0,10,902.6666667,0.0,0.03,0.0,0.0,Nov,2,2,3,20,Returning_Visitor,1,0
6,49.08333333,1,619.5,58,2572.429487,0.00625,0.020729167,0.0,0.0,Nov,1,2,1,2,Returning_Visitor,0,1
3,39.0,0,0.0,6,1180.5,0.0,0.022222222,0.0,0.0,May,2,2,1,3,Returning_Visitor,0,0
6,151.7,0,0.0,34,799.327381,0.017647059,0.023340336,0.0,0.0,Dec,3,2,1,2,Returning_Visitor,0,0
0,0.0,0,0.0,5,90.66666667,0.04,0.12,0.0,0.0,May,2,2,6,6,Returning_Visitor,0,0
0,0.0,0,0.0,2,3.0,0.0,0.1,0.0,0.0,Dec,2,2,4,2,Returning_Visitor,0,0
0,0.0,0,0.0,8,185.5,0.025,0.0375,0.0,0.0,May,1,1,3,2,Returning_Visitor,1,0
5,70.0,0,0.0,61,2635.61627,0.0,0.003389831,0.0,0.6,May,1,8,1,3,Returning_Visitor,0,0
0,0.0,0,0.0,1,0.0,0.2,0.2,0.0,0.0,Dec,1,1,1,2,New_Visitor,0,0
2,29.75,0,0.0,44,1410.428571,0.008695652,0.026086957,0.0,0.0,Nov,2,2,1,8,Returning_Visitor,1,0
0,0.0,0,0.0,3,23.0,0.0,0.066666667,0.0,0.0,Nov,2,2,4,3,Returning_Visitor,0,0
0,0.0,0,0.0,30,1737.016667,0.034482759,0.048357964,1.444763592,0.0,June,3,2,4,3,Returning_Visitor,1,0
0,0.0,0,0.0,4,55.0,0.0,0.05,0.0,0.0,Mar,2,2,1,1,Returning_Visitor,0,0
0,0.0,0,0.0,2,93.6,0.0,0.05,0.0,0.0,Oct,2,4,1,2,Returning_Visitor,1,0
4,34.93333333,0,0.0,2,22.8,0.0,0.028571429,0.0,0.0,Oct,2,2,4,2,New_Visitor,0,0
2,87.0,0,0.0,20,918.0833333,0.0075,0.010666667,0.0,0.0,May,1,1,2,2,Returning_Visitor,0,0
0,0.0,0,0.0,40,1090.566667,0.018392857,0.041198413,0.0,0.0,May,2,4,1,6,Returning_Visitor,0,0
8,92.93333333,0,0.0,78,2063.642844,0.007407407,0.011934156,0.0,0.0,Sep,3,2,6,13,Returning_Visitor,0,0
5,96.0,0,0.0,81,2833.814103,0.00021645,0.025137085,0.0,0.0,Nov,4,1,7,2,Returning_Visitor,0,0
2,32.0,0,0.0,16,230.1,0.0,0.0125,0.0,0.0,May,2,2,2,1,Returning_Visitor,1,0
1,44.0,0,0.0,56,2075.983333,0.0,0.014545455,13.81852727,0.0,May,2,5,2,3,Returning_Visitor,0,1
2,55.0,0,0.0,6,249.5,0.0,0.033333333,0.0,0.0,Mar,2,2,7,2,New_Visitor,0,0
0,0.0,0,0.0,7,578.2,0.0,0.033333333,58.488,0.0,May,2,5,3,6,Returning_Visitor,1,1
2,41.75,2,30.0,25,596.075,0.001538462,0.02014652,0.0,0.0,Nov,2,2,3,1,Returning_Visitor,0,0
0,0.0,0,0.0,1,0.0,0.2,0.2,0.0,0.0,Mar,2,2,7,1,Returning_Visitor,1,0
2,17.0,0,0.0,30,1448.928571,0.043851852,0.069954545,0.0,0.0,Dec,3,2,1,13,Returning_Visitor,0,0
1,11.88888889,0,0.0,111,3510.879903,9.83e-05,0.009438427,12.01656549,0.0,Mar,3,2,5,2,Returning_Visitor,0,0
0,0.0,0,0.0,17,933.4166667,0.031932773,0.043075335,0.0,0.0,Mar,3,2,1,3,Returning_Visitor,0,0
0,0.0,0,0.0,3,78.0,0.0,0.066666667,0.0,0.0,Feb,1,2,6,6,Returning_Visitor,1,0
0,0.0,2,4.0,45,2984.130952,0.004255319,0.02141844,0.0,0.0,Nov,2,2,1,1,Returning_Visitor,0,0
6,301.2,0,0.0,87,1836.983333,0.009782609,0.026449275,0.0,0.0,Sep,2,2,6,3,Returning_Visitor,0,0
0,0.0,1,0.0,7,50.0,0.038095238,0.080952381,0.0,0.6,Feb,2,4,1,7,Returning_Visitor,0,0
0,0.0,0,0.0,1,0.0,0.2,0.2,0.0,0.0,Dec,8,13,9,20,Other,0,0
4,120.9,0,0.0,7,534.0,0.0,0.02962963,0.0,0.0,Aug,2,2,7,2,Returning_Visitor,0,0
12,202.25,0,0.0,175,4877.122575,0.006906077,0.014774057,0.0,0.0,Nov,2,2,4,2,Returning_Visitor,1,1
1,3.0,0,0.0,40,624.75,0.0,0.014634146,0.0,0.0,Mar,3,7,3,3,Returning_Visitor,0,0
0,0.0,0,0.0,8,183.0,0.0,0.00625,0.0,0.0,Dec,2,4,4,1,Returning_Visitor,0,0
1,11.0,0,0.0,20,285.6666667,0.0,0.022222222,0.0,0.0,May,2,10,3,3,Returning_Visitor,0,0
1,3.0,0,0.0,7,114.8333333,0.014285714,0.007142857,0.0,0.0,Mar,3,2,1,10,Returning_Visitor,0,0
1,39.2,2,120.8,7,80.5,0.0,0.01,0.0,0.0,Nov,3,2,4,2,New_Visitor,1,0
0,0.0,0,0.0,3,62.0,0.0,0.066666667,0.0,0.0,Mar,2,2,1,1,Returning_Visitor,0,0
4,598.375,0,0.0,126,4446.303175,0.001538462,0.015567766,3.333835543,0.0,Dec,2,2,3,2,Returning_Visitor,0,0
0,0.0,0,0.0,5,488.5,0.032727273,0.033846154,0.0,0.0,Mar,2,7,7,6,Returning_Visitor,0,0
0,0.0,0,0.0,3,0.0,0.2,0.2,0.0,0.0,Nov,3,2,1,11,Returning_Visitor,0,1
7,105.75,0,0.0,124,3394.130159,0.001587302,0.012918871,5.921482086,0.0,May,2,2,3,11,Returning_Visitor,1,0
10,155.8458333,4,155.375,128,4391.876232,0.008759124,0.022411525,0.0,0.0,Nov,1,2,1,2,Returning_Visitor,0,0
0,0.0,0,0.0,48,1916.873737,0.017391304,0.050362319,0.0,0.0,Dec,2,2,5,1,Returning_Visitor,0,0
5,333.0,2,166.0,12,151.9,0.031111111,0.064444444,0.0,0.0,Mar,2,2,1,1,Returning_Visitor,0,0
0,0.0,0,0.0,3,18.0,0.0,0.066666667,0.0,0.2,May,2,2,2,5,Returning_Visitor,0,0
5,1415.5,0,0.0,34,588.3666667,0.0,0.030246914,8.041078329,0.0,Aug,2,5,1,1,Returning_Visitor,0,1
0,0.0,0,0.0,6,65.66666667,0.066666667,0.1,0.0,0.0,May,2,2,2,3,Returning_Visitor,0,0
1,6.333333333,0,0.0,36,1378.166667,0.005555556,0.026587302,0.0,0.0,Nov,2,2,1,13,Returning_Visitor,1,0
14,515.9821429,0,0.0,170,7128.75377,0.003370787,0.016081238,4.470297685,0.0,Nov,2,2,7,1,Returning_Visitor,1,1
0,0.0,1,24.0,27,1547.5,0.003703704,0.014814815,0.0,0.0,Mar,3,2,1,1,Returning_Visitor,0,0
14,325.48,6,22.6,24,359.63,0.024324324,0.042342342,0.0,0.0,Sep,1,1,2,4,Returning_Visitor,1,0
14,128.8095238,2,41.6,37,1584.770476,0.009302326,0.029296378,0.0,0.0,Oct,2,2,1,2,Returning_Visitor,0,0
3,230.1,0,0.0,35,905.1226263,0.017647059,0.019206774,0.0,0.0,Jul,3,2,6,1,Returning_Visitor,0,0
0,0.0,0,0.0,55,1728.025397,0.049318182,0.071645022,0.0,0.0,May,3,2,1,6,Returning_Visitor,0,0
0,0.0,0,0.0,62,2232.45,0.008196721,0.039726776,0.0,0.4,May,2,2,6,4,Returning_Visitor,0,0
0,0.0,0,0.0,1,0.0,0.2,0.2,0.0,0.0,Dec,1,13,9,20,Returning_Visitor,0,0
8,388.7916667,1,944.75,17,1464.416667,0.019047619,0.034920635,0.0,0.0,Nov,1,1,4,3,Returning_Visitor,0,0
2,33.5,0,0.0,23,833.6695513,0.009090909,0.012947658,29.38287135,0.0,Dec,2,2,1,2,Returning_Visitor,0,1
0,0.0,0,0.0,8,267.0,0.0,0.05,0.0,0.0,Mar,2,2,3,3,Returning_Visitor,0,0
13,869.1666667,2,28.2,97,2865.817778,0.009345794,0.024205607,0.0,0.0,Oct,2,6,1,1,Returning_Visitor,0,0
0,0.0,0,0.0,38,1787.395833,0.004824561,0.031871345,0.0,0.0,Nov,2,2,4,2,New_Visitor,0,0
3,14.5,2,907.8333333,28,804.2833333,0.014141414,0.044155844,7.945805543,0.0,Mar,2,5,9,2,Returning_Visitor,0,0
0,0.0,0,0.0,5,72.0,0.0,0.05,0.0,0.0,Dec,3,2,1,2,Returning_Visitor,0,0
3,79.22,2,297.8333333,62,1685.747985,0.0,0.013128205,0.0,0.0,Jul,2,2,3,2,Returning_Visitor,0,0
5,473.1666667,2,195.4,111,4022.812148,0.003571429,0.012351425,0.0,0.0,Aug,3,2,9,5,Returning_Visitor,0,0
0,0.0,0,0.0,1,0.0,0.2,0.2,0.0,0.0,Dec,2,4,1,1,Returning_Visitor,1,0
0,0.0,0,0.0,34,1006.257576,0.0,0.015196078,0.0,0.0,Mar,2,2,7,3,Returning_Visitor,0,0
6,233.0833333,2,63.0,60,3135.442572,0.001666667,0.009358814,0.0,0.0,Mar,3,2,1,10,Returning_Visitor,0,0
3,55.0,0,0.0,19,436.0,0.0,0.013636364,49.54827273,0.0,May,2,2,4,2,Returning_Visitor,1,1
0,0.0,0,0.0,2,5.0,0.0,0.1,0.0,0.0,Mar,2,2,1,2,Returning_Visitor,0,0
0,0.0,0,0.0,1,0.0,0.2,0.2,0.0,0.0,Nov,3,2,3,10,Other,0,0
0,0.0,0,0.0,16,340.65,0.060416667,0.063690476,0.0,0.0,Sep,3,2,2,3,Returning_Visitor,1,0
1,37.0,0,0.0,23,1817.0,0.053333333,0.073696145,0.0,0.0,May,3,2,1,13,Returning_Visitor,0,0
9,241.8416667,0,0.0,25,673.0333333,0.002150538,0.005222734,27.97341787,0.0,Nov,1,1,3,2,New_Visitor,0,0
0,0.0,0,0.0,3,823.5,0.0,0.066666667,0.0,0.0,Dec,2,2,3,8,Returning_Visitor,0,0
3,19.25,0,0.0,8,713.5833333,0.0,0.046969697,0.0,0.0,Nov,3,2,1,10,Returning_Visitor,1,0
0,0.0,0,0.0,4,44.0,0.0,0.05,0.0,0.0,May,2,4,3,2,New_Visitor,1,0
0,0.0,0,0.0,9,311.7,0.0,0.055555556,0.0,0.0,June,2,2,4,13,Returning_Visitor,0,0
4,229.25,0,0.0,8,372.25,0.022222222,0.00952381,0.0,0.0,Dec,1,2,1,8,Returning_Visitor,0,0
0,0.0,0,0.0,4,56.0,0.1,0.15,0.0,0.0,May,2,2,6,3,Returning_Visitor,0,0
9,243.25,3,1475.25,79,3497.214286,0.003448276,0.012643678,32.59864309,0.0,Dec,2,2,2,2,Returning_Visitor,0,0
0,0.0,0,0.0,1,0.0,0.2,0.2,0.0,0.0,May,2,5,7,3,Returning_Visitor,0,0
0,0.0,0,0.0,36,788.5,0.0,0.025,0.0,0.0,Nov,2,6,3,3,Returning_Visitor,0,0
15,309.6333333,2,45.8,50,2230.986667,0.0,0.004371585,40.77935433,0.0,Nov,2,2,4,2,Returning_Visitor,0,1
2,1687.5,0,0.0,29,3098.033333,0.0,0.025806452,0.0,0.0,May,2,4,5,3,Returning_Visitor,0,0
2,18.0,0,0.0,32,871.8333333,0.009375,0.020833333,31.903875,0.6,May,4,1,1,3,Returning_Visitor,0,0
5,110.3,1,21.8,78,3621.606667,0.0,0.006024096,18.78186098,0.0,Jul,2,4,4,1,Returning_Visitor,0,0
4,61.0,0,0.0,19,607.0,0.0,0.026984127,17.53595893,1.0,Feb,1,1,7,4,Returning_Visitor,1,1
0,0.0,0,0.0,6,319.0,0.0,0.05,0.0,0.0,Mar,1,1,6,1,Returning_Visitor,1,0
0,0.0,2,39.0,19,1527.607143,0.038095238,0.083730159,0.0,1.0,May,2,2,1,4,Returning_Visitor,1,0
15,1011.361111,2,171.5,54,1405.131241,0.0,0.006127451,37.41814196,0.0,Mar,3,2,3,2,New_Visitor,1,0
0,0.0,0,0.0,1,0.0,0.2,0.2,0.0,0.0,Nov,2,2,1,20,Returning_Visitor,1,0
7,98.8,0,0.0,5,69.4,0.022222222,0.033333333,0.0,0.0,Jul,3,2,2,5,New_Visitor,1,0
0,0.0,0,0.0,2,28.0,0.0,0.1,0.0,0.0,May,2,2,1,3,Returning_Visitor,0,0
3,294.2,2,108.9,60,1994.023778,0.022153846,0.037014927,0.0,0.0,Sep,3,2,6,2,Returning_Visitor,0,0
0,0.0,0,0.0,5,1439.5,0.0,0.08,0.0,0.0,May,2,2,4,2,Returning_Visitor,0,0
5,60.2,0,0.0,12,165.4,0.0125,0.041666667,0.0,0.0,Aug,2,5,3,6,Returning_Visitor,0,0
0,0.0,0,0.0,6,192.0,0.0,0.04,0.0,0.0,Mar,2,10,4,3,Returning_Visitor,0,0
6,475.75,1,18.0,28,1559.65,0.0125,0.027083333,15.81839583,0.0,May,2,2,5,4,Returning_Visitor,0,1
4,121.5,0,0.0,2,34.0,0.0,0.023809524,0.0,0.0,Nov,2,2,9,8,New_Visitor,0,0
0,0.0,0,0.0,80,3279.407576,0.01875,0.041944444,0.0,0.4,May,2,4,7,2,Returning_Visitor,0,0
0,0.0,0,0.0,9,953.8333333,0.0,0.011428571,92.83857143,0.0,May,3,2,1,5,Returning_Visitor,1,1
1,42.0,0,0.0,10,1057.0,0.022222222,0.014814815,0.0,0.0,May,3,2,8,15,New_Visitor,1,0
0,0.0,0,0.0,18,315.6944444,0.0,0.002941176,0.0,0.0,Nov,1,1,8,8,New_Visitor,0,0
0,0.0,0,0.0,43,1650.416667,0.0,0.003875969,0.0,0.0,Mar,2,2,7,3,Returning_Visitor,1,0
3,242.0,0,0.0,12,286.0,0.0,0.014285714,0.0,0.0,Mar,1,1,1,2,New_Visitor,1,0
0,0.0,0,0.0,37,1669.559524,0.016190476,0.051333333,0.0,0.0,May,3,2,3,1,Returning_Visitor,0,0
11,247.3333333,2,369.0,90,7221.0,0.001030928,0.003917526,13.46406308,0.0,Mar,2,2,3,8,Returning_Visitor,0,1
1,30.25,2,0.0,20,543.9583333,0.00952381,0.026984127,0.0,0.0,Dec,3,2,1,2,Returning_Visitor,0,0
0,0.0,0,0.0,2,37.0,0.0,0.1,0.0,0.8,Feb,2,2,2,3,Returning_Visitor,0,0
7,110.25,0,0.0,20,266.5833333,0.011111111,0.039753086,0.0,0.0,Mar,2,2,1,2,Returning_Visitor,0,0
2,29.0,1,0.0,9,536.0,0.0,0.018181818,37.51854545,0.0,May,2,2,3,4,New_Visitor,0,1
11,188.8333333,3,27.0,64,4829.625,0.004054054,0.017194337,48.60623685,0.0,Nov,1,1,1,3,Returning_Visitor,0,1
2,21.25,0,0.0,15,305.2083333,0.0,0.010784314,0.0,0.0,Nov,2,4,7,2,Returning_Visitor,0,0
2,41.5,0,0.0,10,264.25,0.016666667,0.025,0.0,0.0,Nov,1,4,8,8,New_Visitor,1,1
4,207.0,0,0.0,31,1592.233333,0.0,0.011574074,57.06546413,0.0,Dec,2,2,4,1,Returning_Visitor,0,0
4,562.0,0,0.0,22,1945.5,0.0,0.008333333,0.0,0.0,Dec,2,2,1,2,Returning_Visitor,0,0
0,0.0,2,35.2,16,275.1,0.0,0.027777778,0.0,0.0,Aug,2,2,3,3,Returning_Visitor,1,0
5,91.0,2,232.8,246,9227.371429,0.006425703,0.024959839,0.0,0.0,Oct,4,1,4,3,Returning_Visitor,1,0
3,121.0,0,0.0,17,174.8333333,0.017647059,0.051764706,0.0,0.0,May,1,4,2,2,Returning_Visitor,0,0
10,236.9,0,0.0,19,538.2,0.0,0.00952381,0.0,0.0,May,2,5,3,6,New_Visitor,0,0
0,0.0,0,0.0,24,580.2,0.0,0.012121212,17.12545455,0.0,Mar,2,2,1,1,Returning_Visitor,0,1
0,0.0,2,30.0,11,1114.916667,0.0,0.030769231,0.0,0.0,Mar,3,2,1,3,Returning_Visitor,0,0
0,0.0,0,0.0,4,135.5,0.0,0.066666667,0.0,0.0,Mar,2,2,3,14,Returning_Visitor,0,0
0,0.0,3,29.0,41,1652.75,0.013636364,0.035119048,0.0,0.0,May,2,2,4,4,Returning_Visitor,1,0
2,125.0,0,0.0,7,49.0,0.025,0.075,0.0,0.0,May,1,1,8,1,Returning_Visitor,0,0
12,430.1570175,14,622.4,85,3684.855282,0.000934579,0.009959744,34.45943549,0.0,Nov,3,2,1,2,Returning_Visitor,1,0
0,0.0,0,0.0,7,191.0,0.0,0.028571429,0.0,0.0,May,2,4,4,2,Returning_Visitor,0,0
0,0.0,1,112.0,43,1866.107143,0.0,0.025,0.0,0.0,Nov,2,2,1,2,Returning_Visitor,1,0
0,0.0,0,0.0,16,622.0,0.0,0.0125,0.0,0.0,Mar,2,10,2,6,Returning_Visitor,0,0
0,0.0,0,0.0,1,0.0,0.2,0.2,0.0,0.0,Jul,3,2,4,1,Returning_Visitor,0,0
7,94.84,0,0.0,43,1487.229317,0.004545455,0.019638695,0.0,0.0,Oct,2,4,1,2,Returning_Visitor,0,0
0,0.0,0,0.0,5,614.75,0.0,0.073333333,0.0,0.0,Dec,2,10,2,2,Returning_Visitor,0,0
0,0.0,0,0.0,3,48.0,0.0,0.033333333,0.0,0.0,Mar,2,2,5,1,Returning_Visitor,1,0
3,120.25,5,869.0,42,2066.927778,0.017391304,0.048188406,17.70684845,0.0,May,2,2,4,4,Returning_Visitor,0,0
3,22.27777778,1,0.0,6,36.90277778,0.0,0.086666667,0.0,0.0,Nov,2,2,2,2,Returning_Visitor,0,0
0,0.0,0,0.0,37,1212.0,0.010810811,0.017117117,0.0,0.0,Nov,2,2,6,2,Returning_Visitor,0,1
8,57.0625,3,172.0,23,176.8193627,0.019444444,0.065189145,0.0,0.0,Mar,2,2,1,1,Returning_Visitor,0,0
1,50.5,0,0.0,3,192.5,0.0,0.05,0.0,0.0,Nov,2,2,8,2,New_Visitor,1,0
12,394.1,0,0.0,30,917.25,0.0,0.005405405,0.0,0.0,Nov,2,2,1,2,New_Visitor,1,1
0,0.0,0,0.0,4,67.0,0.0,0.05,0.0,0.0,Dec,2,2,9,2,Returning_Visitor,0,0
4,341.6,0,0.0,3,77.0,0.0,0.022222222,0.0,0.0,Oct,3,2,8,2,New_Visitor,1,0
0,0.0,0,0.0,20,1008.5,0.08,0.12,0.0,0.0,Dec,2,2,3,1,Returning_Visitor,1,0
0,0.0,1,25.0,43,2053.933333,0.012878788,0.039015152,0.0,0.0,May,2,5,6,3,Returning_Visitor,1,0
4,272.5,0,0.0,14,279.9,0.0,0.028571429,0.0,0.0,Mar,1,1,3,10,New_Visitor,0,0
3,84.0,0,0.0,27,655.9166667,0.0,0.011111111,0.0,0.0,Mar,2,2,2,1,Returning_Visitor,0,0
4,113.8333333,0,0.0,3,23.66666667,0.0,0.05625,0.0,0.0,Dec,2,2,6,2,Returning_Visitor,1,0
0,0.0,0,0.0,4,66.5,0.0,0.025,0.0,0.0,Dec,2,2,1,10,Returning_Visitor,0,0
3,61.65,7,380.9571429,102,3025.290325,0.014102564,0.019800052,11.43180835,0.0,Sep,3,2,1,2,Returning_Visitor,0,0
3,36.0,0,0.0,3,29.5,0.0,0.04,0.0,0.0,Nov,2,10,3,2,Other,0,0
0,0.0,0,0.0,12,680.5,0.0,0.018181818,42.422531,0.0,Dec,2,2,6,10,Returning_Visitor,0,1
0,0.0,0,0.0,2,0.0,0.2,0.2,0.0,0.0,Nov,1,1,4,1,Returning_Visitor,0,0
0,0.0,0,0.0,9,339.5,0.0,0.013888889,0.0,0.0,Dec,1,2,3,2,New_Visitor,1,0
0,0.0,0,0.0,3,48.0,0.0,0.066666667,0.0,0.0,Mar,4,1,1,1,Returning_Visitor,0,0
0,0.0,0,0.0,13,374.9,0.0,0.047619048,16.72561819,0.0,Aug,4,1,1,3,Returning_Visitor,0,1
0,0.0,0,0.0,5,0.0,0.2,0.2,0.0,0.6,May,3,2,8,13,Returning_Visitor,0,0
0,0.0,0,0.0,30,397.0,0.0,0.02,0.0,0.0,Mar,2,2,7,2,Returning_Visitor,0,0
0,0.0,2,6.333333333,16,301.3333333,0.033333333,0.088888889,0.0,0.0,Nov,2,2,3,2,Returning_Visitor,0,0
0,0.0,3,83.0,18,511.5,0.00952381,0.028571429,0.0,0.0,May,2,2,6,1,Returning_Visitor,0,0
0,0.0,0,0.0,6,600.0,0.0,0.033333333,0.0,0.0,May,1,1,4,3,Returning_Visitor,0,0
2,103.3,0,0.0,38,1649.766667,0.0,0.011965812,0.0,0.0,Oct,1,1,3,3,Returning_Visitor,0,0
0,0.0,0,0.0,4,104.0,0.0,0.05,0.0,0.0,May,2,10,2,2,Returning_Visitor,0,0
0,0.0,0,0.0,54,2222.9,0.003703704,0.014814815,0.0,0.0,May,4,1,1,4,Returning_Visitor,0,0
0,0.0,0,0.0,1,0.0,0.2,0.2,0.0,0.0,Nov,1,1,3,3,Returning_Visitor,0,0
3,69.8,0,0.0,81,7514.790476,0.003821138,0.021883469,0.0,0.0,Nov,2,2,1,2,Returning_Visitor,0,0
3,15.0,0,0.0,102,4021.172222,0.0,0.01,0.0,0.0,Nov,2,2,1,2,Returning_Visitor,1,0
0,0.0,0,0.0,41,3272.0,0.045238095,0.078571429,0.0,0.8,May,2,6,1,6,Returning_Visitor,0,0
0,0.0,0,0.0,1,0.0,0.2,0.2,0.0,0.0,Dec,1,1,3,3,Returning_Visitor,0,0
0,0.0,2,31.0,3,47.0,0.04,0.08,0.0,0.0,Mar,1,1,6,1,Returning_Visitor,1,0
3,315.3333333,1,141.5,42,3009.0875,0.004021164,0.0323655,0.0,0.0,Nov,1,1,1,1,Returning_Visitor,0,0
3,16.0,0,0.0,63,3908.754762,0.0,0.001587302,1.298232174,0.0,Aug,4,1,6,4,Returning_Visitor,0,0
0,0.0,0,0.0,1,40.0,0.0,0.1,0.0,0.0,Mar,3,2,1,10,Returning_Visitor,0,0
1,12.0,0,0.0,6,74.0,0.0,0.028571429,0.0,0.0,Mar,1,1,1,10,Returning_Visitor,0,0
0,0.0,0,0.0,1,15.6,0.0,0.0,47.7917708,0.0,Sep,1,1,6,3,New_Visitor,0,1
0,0.0,0,0.0,4,137.0,0.15,0.15,0.0,0.2,May,3,3,2,11,Returning_Visitor,0,0
1,20.0,0,0.0,283,9354.484111,0.003043735,0.023041703,0.0,0.0,Nov,2,2,1,3,Returning_Visitor,0,0
2,52.5,0,0.0,13,605.5,0.0,0.006666667,0.0,0.0,Nov,2,2,3,2,Returning_Visitor,0,0
2,68.54545455,3,60.0,91,2345.58914,0.002749141,0.012841597,51.27258615,0.0,Dec,2,5,7,2,Returning_Visitor,0,0
2,47.0,1,0.0,20,738.9107143,0.017391304,0.023671498,0.0,0.0,Nov,3,2,1,2,Returning_Visitor,0,0
0,0.0,0,0.0,2,0.0,0.2,0.2,0.0,0.0,Dec,3,2,4,3,Returning_Visitor,0,0
0,0.0,0,0.0,38,1633.833333,0.0,0.007894737,0.0,0.0,May,2,2,1,1,Returning_Visitor,1,0
6,224.0,0,0.0,33,677.95,0.005714286,0.01968254,0.0,0.0,May,3,2,3,4,Returning_Visitor,0,0
0,0.0,0,0.0,34,606.7857143,0.017647059,0.040441176,0.0,0.4,May,1,1,1,3,Returning_Visitor,0,0
0,0.0,0,0.0,11,855.25,0.018181818,0.063636364,0.0,0.0,May,2,2,3,13,Returning_Visitor,0,0
7,322.25,1,0.0,121,4875.106113,0.011806061,0.020025438,0.0,0.0,Nov,3,2,1,13,Returning_Visitor,0,0
0,0.0,0,0.0,35,806.125,0.012121212,0.024444444,0.0,0.0,Nov,1,1,4,2,Returning_Visitor,0,0
2,168.4,0,0.0,10,208.0,0.0,0.008333333,0.0,0.0,Nov,3,2,5,2,New_Visitor,0,0
7,150.5,0,0.0,28,549.0833333,0.0,0.013571429,2.663333333,0.0,May,1,1,1,2,Returning_Visitor,0,1
0,0.0,0,0.0,1,0.0,0.2,0.2,0.0,0.0,Mar,2,4,3,1,Returning_Visitor,0,0
6,201.0,0,0.0,84,3646.083333,0.006896552,0.016803503,66.57412378,0.0,Nov,2,2,4,2,Returning_Visitor,0,0
0,0.0,0,0.0,6,151.0,0.0,0.08,0.0,0.0,Dec,1,8,4,6,Returning_Visitor,0,0
16,254.253245,3,223.15,221,6606.726779,0.005533063,0.016561375,4.083948025,0.0,Oct,4,1,4,1,Returning_Visitor,0,1
0,0.0,0,0.0,1,0.0,0.2,0.2,0.0,0.0,Nov,2,5,2,1,Other,0,0
0,0.0,0,0.0,35,2352.166667,0.0,0.006060606,0.0,0.0,Nov,2,2,6,2,New_Visitor,0,0
2,67.0,0,0.0,8,533.3,0.0,0.016666667,0.0,0.0,Sep,3,2,9,2,New_Visitor,0,0
3,73.2,5,124.2666667,10,239.7,0.0,0.0025,0.0,0.0,Sep,2,2,5,1,New_Visitor,0,0
0,0.0,0,0.0,6,31.0,0.0,0.033333333,0.0,0.0,Oct,2,5,1,1,Returning_Visitor,0,0
0,0.0,0,0.0,4,0.0,0.2,0.2,0.0,0.0,Aug,2,2,2,4,Returning_Visitor,0,0
2,50.5,0,0.0,29,2147.375,0.0,0.006896552,0.0,0.0,Dec,2,2,7,2,New_Visitor,0,0
0,0.0,0,0.0,3,62.0,0.1,0.125,0.0,0.8,May,3,2,1,13,Returning_Visitor,0,0
3,74.0,0,0.0,14,584.3333333,0.0,0.003703704,0.0,0.0,May,2,2,3,5,New_Visitor,0,0
2,77.5,0,0.0,19,598.7833333,0.0,0.002631579,0.0,0.0,Mar,3,2,2,9,New_Visitor,1,0
0,0.0,0,0.0,5,132.0,0.0,0.04,0.0,0.0,Mar,1,1,1,1,Returning_Visitor,1,0
0,0.0,0,0.0,21,344.1714286,0.007017544,0.007017544,13.59007196,0.0,Oct,1,1,3,2,Returning_Visitor,0,1
2,21.0,6,182.7916667,82,1836.214249,0.004545455,0.025181135,0.0,0.0,Dec,3,2,3,2,Returning_Visitor,0,0
0,0.0,1,117.0,8,404.0,0.025,0.0375,0.0,0.0,Dec,2,2,8,2,Returning_Visitor,0,0
0,0.0,0,0.0,6,210.2,0.055555556,0.068055556,0.0,0.0,May,3,2,4,20,Returning_Visitor,0,0
1,11.0,1,8.0,79,2693.582331,0.0,0.003430424,0.0,0.0,Dec,1,1,3,2,Returning_Visitor,0,0
2,182.4,0,0.0,27,1165.944762,0.0,0.007407407,0.0,0.0,Nov,2,4,6,11,New_Visitor,1,0
5,82.0,1,137.5,118,2595.095833,0.001680672,0.012371615,38.7483363,0.0,Nov,2,2,1,1,Returning_Visitor,0,1
10,317.9583333,4,821.0,20,781.425,0.0,0.002666667,0.0,0.0,Dec,2,2,7,2,Returning_Visitor,0,0
2,84.0,0,0.0,25,506.7666667,0.017391304,0.038405797,0.0,0.0,May,3,2,4,3,Returning_Visitor,0,0
0,0.0,0,0.0,6,92.0,0.0,0.066666667,0.0,0.0,Mar,1,1,3,10,Returning_Visitor,0,0
0,0.0,0,0.0,3,60.0,0.0,0.066666667,0.0,0.0,Dec,1,1,7,2,Other,0,0
0,0.0,0,0.0,6,110.0,0.011111111,0.058333333,0.0,0.0,May,2,2,4,2,Returning_Visitor,0,0
0,0.0,0,0.0,10,183.6666667,0.04,0.08,0.0,0.0,Feb,1,1,3,1,Returning_Visitor,0,0
9,227.6,0,0.0,54,1935.06131,0.006557377,0.022222222,42.19732111,0.0,Dec,1,2,1,2,Returning_Visitor,0,1
0,0.0,0,0.0,3,54.5,0.0,0.066666667,0.0,0.6,May,2,4,3,2,Returning_Visitor,0,0
17,592.0014006,4,1360.0,157,5645.176455,0.002692308,0.013849519,2.917518089,0.8,May,2,2,1,13,Returning_Visitor,0,0
6,326.25,4,94.0,128,5062.213753,0.000854701,0.01791847,0.0,0.0,Feb,2,5,1,3,Returning_Visitor,0,0
1,0.0,2,6.0,9,195.1666667,0.0,0.066666667,0.0,0.0,June,4,2,3,4,Returning_Visitor,0,0
0,0.0,0,0.0,90,2636.138889,0.023333333,0.045777778,0.0,0.0,Nov,2,2,1,2,Returning_Visitor,0,0
1,24.5,0,0.0,46,1525.666667,0.0,0.006382979,107.2170213,0.0,May,2,2,2,4,Returning_Visitor,0,1
1,6.0,0,0.0,14,1183.0,0.0,0.004761905,17.5336164,0.0,Nov,2,2,6,10,New_Visitor,1,1
1,4.0,0,0.0,22,2706.375,0.002083333,0.039814815,0.0,0.0,Nov,4,2,1,2,Returning_Visitor,0,0
1,2.0,0,0.0,61,1335.737854,0.0,0.002,20.15710234,0.0,Nov,4,4,1,2,Returning_Visitor,1,1
0,0.0,0,0.0,20,438.3333333,0.02,0.04,0.0,0.0,Mar,2,2,7,1,Returning_Visitor,0,0
0,0.0,0,0.0,12,976.2,0.016666667,0.041666667,0.0,0.0,Mar,2,2,7,1,Returning_Visitor,0,0
0,0.0,0,0.0,5,164.3333333,0.06,0.06,0.0,0.0,Mar,3,2,2,1,Returning_Visitor,0,0
1,27.5,0,0.0,114,1403.720238,0.0,0.000589971,255.5691579,0.0,Nov,4,5,2,8,Returning_Visitor,0,1
0,0.0,0,0.0,29,2374.5,0.0,0.002298851,0.0,0.0,Nov,2,5,1,2,Returning_Visitor,0,0
0,0.0,0,0.0,2,53.0,0.0,0.1,0.0,0.0,May,4,2,4,13,Returning_Visitor,0,0
0,0.0,0,0.0,20,275.6666667,0.066666667,0.114814815,0.0,0.0,May,2,2,1,4,Returning_Visitor,0,0
0,0.0,0,0.0,4,26.0,0.05,0.1,0.0,0.4,May,2,2,1,13,Returning_Visitor,0,0
3,109.7,0,0.0,16,852.3,0.011764706,0.043137255,0.0,0.0,Oct,2,2,1,3,Returning_Visitor,0,0
0,0.0,0,0.0,6,38.5,0.066666667,0.1,0.0,0.0,Nov,2,10,7,1,Returning_Visitor,0,0
0,0.0,0,0.0,1,0.0,0.2,0.2,0.0,0.0,Mar,1,1,1,9,Returning_Visitor,1,0
9,324.3,4,205.0,71,2816.43881,0.0,0.002666667,0.0,0.0,Mar,2,2,1,8,New_Visitor,1,0
0,0.0,0,0.0,25,445.5833333,0.004,0.024,0.0,0.0,Dec,2,10,1,1,Returning_Visitor,0,0
8,139.6818182,8,353.3333333,45,2003.415152,0.007142857,0.00755102,5.576720936,0.0,Mar,2,2,4,2,Returning_Visitor,0,1
7,350.6,9,406.9166667,68,2435.74375,0.002564103,0.01555896,0.0,0.0,Dec,1,1,1,2,Returning_Visitor,0,0
1,74.0,0,0.0,21,744.8333333,0.0,0.01,0.0,0.0,May,2,2,1,2,New_Visitor,1,0
0,0.0,0,0.0,10,140.0,0.04,0.07,0.0,0.8,May,1,8,3,1,Returning_Visitor,0,0
4,172.0,0,0.0,11,787.0,0.033333333,0.053333333,0.0,0.0,May,2,2,1,6,Returning_Visitor,1,0
1,21.25,0,0.0,92,2716.519048,0.006737589,0.037885297,23.7389113,0.0,Nov,2,2,3,2,Returning_Visitor,1,0
0,0.0,0,0.0,30,805.8333333,0.0,0.003333333,0.0,0.0,Nov,1,1,3,8,New_Visitor,0,0
5,587.0,0,0.0,125,4639.410534,0.012433862,0.023856765,0.0,0.6,May,3,2,1,4,Returning_Visitor,0,0
6,93.0,2,23.0,37,783.875,0.003409091,0.031709957,0.0,0.0,Nov,2,2,1,11,Returning_Visitor,1,0
0,0.0,0,0.0,22,494.6333333,0.0,0.004545455,42.29306752,0.0,Nov,2,2,1,2,New_Visitor,0,1
11,392.5,0,0.0,206,8437.099188,0.0,0.006257147,0.0,0.0,Nov,2,4,1,2,Returning_Visitor,0,0
2,129.0,0,0.0,16,1835.5,0.003703704,0.031481481,0.0,0.0,Aug,2,4,9,6,Returning_Visitor,0,0
4,179.6071429,2,5.5,34,1045.102381,0.0,0.007603276,0.0,0.0,Mar,1,1,1,3,Returning_Visitor,0,0
0,0.0,0,0.0,1,0.0,0.2,0.2,0.0,0.0,May,2,10,3,3,Returning_Visitor,0,0
9,196.25,1,62.5,6,148.75,0.0,0.02,0.0,0.0,Dec,4,1,9,2,Returning_Visitor,0,0
0,0.0,0,0.0,40,1542.35,0.0,0.031666667,0.0,0.0,Nov,2,2,1,2,Returning_Visitor,1,1
2,129.0,0,0.0,31,866.7,0.011827957,0.034101382,18.11148387,0.0,May,3,2,6,1,Returning_Visitor,0,1
1,36.3,0,0.0,1,0.0,0.053333333,0.093333333,0.0,0.0,Sep,3,2,3,6,Returning_Visitor,0,1
11,118.1785714,2,91.5,162,5399.231269,0.004859086,0.014667832,14.77221948,0.0,Nov,2,2,4,10,Returning_Visitor,0,1
1,43.0,1,0.0,3,65.0,0.0,0.04,0.0,0.6,May,2,2,1,4,Returning_Visitor,0,0
15,238.5833333,3,119.5,147,2933.695013,0.003797468,0.016656739,18.1270044,0.0,Nov,2,2,1,1,Returning_Visitor,0,1
0,0.0,0,0.0,30,360.4733333,0.013333333,0.036666667,0.0,0.0,Jul,1,1,1,3,Returning_Visitor,0,0
0,0.0,0,0.0,65,624.6248956,0.0,0.02359375,0.0,0.8,May,2,5,4,2,Returning_Visitor,0,0
4,68.5,0,0.0,152,5426.823764,0.005228758,0.018756793,0.0,0.0,Nov,2,2,4,10,Returning_Visitor,0,0
4,80.6,0,0.0,39,639.4933333,0.0,0.005,0.0,0.0,Nov,1,2,1,20,Returning_Visitor,0,0
4,31.0,1,46.0,80,1793.777778,0.017857143,0.031725417,0.0,0.6,May,2,2,3,3,Returning_Visitor,0,0
2,34.2,0,0.0,5,63.4,0.0,0.028571429,0.0,0.0,Jul,4,1,2,2,New_Visitor,0,0
0,0.0,0,0.0,19,380.9464286,0.0,0.013947368,0.0,0.0,Nov,3,2,4,2,Returning_Visitor,0,1
5,60.8,0,0.0,3,20.6,0.0,0.033333333,0.0,0.0,Aug,2,5,5,2,New_Visitor,1,0
9,848.1428571,4,388.6666667,33,595.0095238,0.0,0.004651163,0.0,0.0,Mar,2,2,1,10,New_Visitor,0,0
4,122.25,0,0.0,45,2007.522619,0.013043478,0.018657031,0.0,0.0,Nov,1,1,4,2,Returning_Visitor,0,0
0,0.0,0,0.0,10,172.5,0.01,0.043333333,0.0,0.0,Mar,2,2,3,6,Returning_Visitor,0,0
1,123.0,0,0.0,7,181.5,0.0,0.025,64.7325,0.0,Mar,2,2,1,2,New_Visitor,1,1
7,257.4,0,0.0,7,244.7333333,0.018181818,0.018181818,0.0,0.0,Nov,1,1,4,2,New_Visitor,0,0
0,0.0,0,0.0,21,1088.866667,0.0,0.010526316,16.1585582,0.0,Nov,3,2,1,2,Returning_Visitor,1,1
9,301.0,0,0.0,38,2621.621429,0.021212121,0.044507576,10.72117234,0.0,Nov,2,2,1,13,Returning_Visitor,0,0
3,86.75,2,51.0,11,145.6666667,0.007692308,0.023076923,0.0,0.0,Dec,1,1,1,2,New_Visitor,0,0
1,202.0,0,0.0,2,8.0,0.0,0.066666667,0.0,0.0,Mar,2,2,8,6,New_Visitor,0,0
0,0.0,0,0.0,30,480.5,0.033333333,0.073333333,0.0,0.0,May,2,2,7,6,Returning_Visitor,0,0
2,107.0,0,0.0,3,56.0,0.0,0.04,0.0,0.0,Mar,1,1,3,2,New_Visitor,0,0
0,0.0,0,0.0,35,729.2916667,0.0,0.009387755,0.0,0.0,Dec,2,2,3,2,Returning_Visitor,0,0
3,32.0,2,9.0,16,1760.6,0.0,0.033333333,0.0,0.0,Nov,2,2,3,2,Returning_Visitor,0,1
3,63.0,2,204.25,20,457.25,0.009090909,0.013636364,0.0,0.0,Dec,3,2,7,2,New_Visitor,0,1
0,0.0,0,0.0,141,2886.523521,0.004316547,0.018798094,0.0,0.8,May,2,2,4,3,Returning_Visitor,0,0
3,47.0,0,0.0,66,2582.69697,0.003030303,0.012121212,11.96954545,0.0,May,2,2,1,2,Returning_Visitor,0,0
3,95.6,0,0.0,10,337.1,0.008333333,0.029166667,0.0,0.0,Jul,1,1,9,3,Returning_Visitor,0,0
0,0.0,0,0.0,26,852.7666667,0.001923077,0.024166667,0.0,1.0,May,3,2,4,1,Returning_Visitor,1,0
0,0.0,0,0.0,19,536.2666667,0.044736842,0.068170426,0.0,0.0,May,2,2,6,6,Returning_Visitor,0,0
0,0.0,0,0.0,2,0.0,0.2,0.2,0.0,0.6,May,2,2,3,3,Returning_Visitor,0,0
0,0.0,0,0.0,3,903.0,0.0,0.066666667,0.0,0.0,Mar,2,2,1,1,Returning_Visitor,0,0
1,16.0,3,585.625,40,765.0416667,0.010731707,0.023436807,0.0,0.0,Dec,3,2,4,2,Returning_Visitor,0,0
0,0.0,0,0.0,26,2021.4,0.007692308,0.030769231,0.0,0.0,Jul,3,3,1,4,Returning_Visitor,0,0
3,156.5,0,0.0,9,143.0,0.0,0.005555556,0.0,0.0,Nov,1,1,1,2,New_Visitor,0,0
0,0.0,0,0.0,10,123.0,0.0,0.02,0.0,0.0,May,2,2,3,3,Returning_Visitor,0,0
0,0.0,0,0.0,4,41.4,0.075,0.125,0.0,0.0,Jul,3,2,6,1,Returning_Visitor,0,0
0,0.0,0,0.0,1,0.0,0.2,0.2,0.0,0.0,Mar,2,2,3,3,Returning_Visitor,0,0
1,3.0,0,0.0,11,549.3333333,0.0,0.005,0.0,0.0,May,4,2,1,3,Returning_Visitor,0,0
0,0.0,0,0.0,59,2516.833333,0.025423729,0.047740113,7.726779661,0.4,May,2,2,3,13,Returning_Visitor,0,0
1,113.6666667,1,2.0,16,589.6666667,0.0,0.003632479,0.0,0.0,May,3,2,6,11,New_Visitor,1,0
0,0.0,0,0.0,1,0.0,0.2,0.2,0.0,0.0,Nov,1,1,4,1,Returning_Visitor,0,0
1,5.0,2,31.7,6,104.25,0.0,0.007407407,0.0,0.0,June,2,5,7,11,New_Visitor,0,0
0,0.0,0,0.0,11,357.3333333,0.0,0.022222222,0.0,0.0,Dec,1,1,3,2,New_Visitor,0,0
0,0.0,0,0.0,11,751.5,0.018181818,0.024242424,0.0,0.0,May,2,2,1,13,Returning_Visitor,0,0
11,216.2285714,6,704.75,304,11250.48672,0.006697236,0.018717242,1.37270775,0.0,Nov,2,2,1,2,Returning_Visitor,0,1
0,0.0,0,0.0,7,496.75,0.0,0.011111111,0.0,0.0,Mar,3,2,6,1,Returning_Visitor,0,0
3,81.4,0,0.0,94,2487.52,0.0,0.002083333,0.0,0.0,Oct,2,2,6,2,New_Visitor,0,0
0,0.0,0,0.0,43,654.0666667,0.0,0.029844961,0.0,0.0,Jul,2,2,7,3,Returning_Visitor,0,0
0,0.0,0,0.0,21,1148.5,0.0,0.019047619,0.0,0.0,May,2,4,8,4,Returning_Visitor,1,0
0,0.0,0,0.0,80,1566.333333,0.005,0.027916667,0.720181023,0.0,Sep,2,2,6,1,Returning_Visitor,0,1
5,248.8,4,116.0,26,595.3416667,0.026728111,0.023763441,10.17002765,0.2,May,3,2,1,4,Returning_Visitor,0,0
0,0.0,0,0.0,25,948.3428571,0.0,0.009,0.0,0.0,Nov,2,4,1,3,Returning_Visitor,0,0
6,394.1,4,489.6,40,1190.4,0.0,0.012318841,17.19073913,0.0,May,3,2,1,11,Returning_Visitor,0,0
0,0.0,0,0.0,25,711.1666667,0.0,0.016,0.0,0.0,Dec,2,2,2,3,Returning_Visitor,0,0
3,197.5,0,0.0,15,343.25,0.011764706,0.029411765,0.0,0.0,Dec,2,4,4,2,Returning_Visitor,0,0
0,0.0,0,0.0,41,1423.833333,0.007317073,0.030243902,0.0,0.0,Dec,2,2,1,1,Returning_Visitor,0,0
2,112.25,0,0.0,9,97.41666667,0.018181818,0.036363636,0.0,0.0,Dec,3,2,3,2,New_Visitor,0,0
1,18.0,0,0.0,16,1331.75,0.0,0.0125,33.79956701,0.0,Mar,2,5,2,3,New_Visitor,0,1
0,0.0,0,0.0,4,148.5,0.05,0.083333333,0.0,0.0,Mar,1,1,1,1,Returning_Visitor,1,0
0,0.0,0,0.0,60,2072.605556,0.013793103,0.016833856,0.0,0.0,Aug,2,2,1,2,Returning_Visitor,0,0
0,0.0,0,0.0,9,87.91666667,0.0,0.003174603,0.0,0.0,Nov,8,2,5,1,Returning_Visitor,1,0
6,190.4166667,0,0.0,78,3913.98703,0.005424955,0.006561181,0.0,0.0,Nov,3,2,5,1,Returning_Visitor,1,0
0,0.0,1,28.0,12,276.0,0.0,0.008333333,0.0,0.0,May,4,5,9,2,New_Visitor,0,0
0,0.0,0,0.0,33,735.4392857,0.0,0.002693603,0.0,0.0,Nov,4,2,4,2,Returning_Visitor,0,0
7,144.4615385,4,167.1666667,111,2312.337853,0.005128205,0.013887559,8.191922892,0.0,Nov,1,1,1,2,Returning_Visitor,0,1
9,233.5,2,102.0,81,2477.666667,0.001149425,0.011954023,0.0,0.0,May,2,2,1,2,Returning_Visitor,0,0
7,190.2628205,4,195.0,124,3197.290064,0.010320513,0.01989345,7.059929851,0.0,Nov,3,2,6,2,Returning_Visitor,1,0
0,0.0,0,0.0,3,57.0,0.0,0.066666667,0.0,0.2,May,2,5,1,2,Returning_Visitor,0,0
0,0.0,1,0.0,16,485.6666667,0.0,0.0375,0.0,0.0,Mar,2,2,6,3,Returning_Visitor,1,0
0,0.0,0,0.0,91,4157.633333,0.01,0.028013468,0.0,0.0,Jul,2,2,1,13,Returning_Visitor,0,0
0,0.0,0,0.0,15,450.2,0.0,0.021904762,0.0,0.0,May,2,2,7,2,Returning_Visitor,0,0
4,76.0,0,0.0,39,1936.55,0.004761905,0.023809524,5.51397619,0.0,Mar,4,1,3,2,Returning_Visitor,0,0
0,0.0,0,0.0,30,4262.966667,0.0,0.013333333,65.29516039,0.0,Dec,2,10,7,1,Returning_Visitor,1,1
0,0.0,0,0.0,10,240.75,0.0,0.02,0.0,0.0,Mar,2,2,9,2,Returning_Visitor,0,0
8,377.5128205,3,265.0,60,2062.890972,0.014009662,0.026580162,1.70506715,0.0,Mar,1,1,4,2,Returning_Visitor,0,1
1,41.0,0,0.0,9,314.9,0.0,0.04,0.0,0.0,Mar,1,1,6,9,New_Visitor,1,0
5,132.0,1,8.5,167,5080.233631,0.000238095,0.004785636,64.81173101,0.0,Nov,4,2,1,1,Returning_Visitor,1,1
4,124.0,0,0.0,3,165.0,0.0,0.033333333,0.0,0.0,May,2,6,4,1,Returning_Visitor,0,0
0,0.0,0,0.0,3,35.0,0.0,0.066666667,0.0,0.0,Nov,4,1,1,1,Returning_Visitor,0,0
5,157.3333333,0,0.0,76,3923.586111,0.000865801,0.013675718,0.0,0.0,Nov,2,2,8,2,Returning_Visitor,1,0
3,84.5,0,0.0,6,53.375,0.05,0.035,0.0,0.0,Nov,1,1,3,10,Returning_Visitor,1,0
2,108.0,0,0.0,8,316.5,0.033333333,0.040740741,0.0,0.0,May,3,2,3,11,Returning_Visitor,1,0
1,6.0,0,0.0,57,1836.775,0.0,0.004093567,0.0,0.0,Nov,2,2,7,2,Returning_Visitor,0,0
2,31.0,0,0.0,88,5321.441032,0.016853933,0.019314057,25.74700712,0.0,Nov,3,2,1,2,Returning_Visitor,0,1
2,70.6,0,0.0,27,213.0157143,0.0,0.007407407,79.51302667,0.0,Oct,2,2,1,3,New_Visitor,1,1
1,0.0,0,0.0,17,684.9166667,0.015686275,0.049411765,0.0,0.0,Mar,2,6,4,1,Returning_Visitor,1,0
9,88.60416667,0,0.0,114,2997.00203,0.0,0.005989942,32.56725746,0.0,Nov,2,4,2,2,Returning_Visitor,0,1
2,91.0,3,865.0,27,1244.833333,0.0,0.006896552,0.0,0.0,Mar,2,2,1,2,New_Visitor,1,0
2,63.0,0,0.0,4,43.75,0.016666667,0.016666667,0.0,0.0,Nov,1,2,3,2,New_Visitor,0,0
0,0.0,1,35.5,130,3313.455754,0.007633588,0.028972728,0.0,0.0,Nov,2,2,1,2,Returning_Visitor,1,0
0,0.0,1,0.0,0,0.0,0.2,0.2,0.0,0.0,Nov,1,1,3,15,Returning_Visitor,0,0
15,591.6636364,0,0.0,56,2504.413636,0.004918033,0.011662763,8.184095082,0.0,May,3,2,1,2,Returning_Visitor,0,0
0,0.0,0,0.0,16,107.9291667,0.0,0.008531746,0.0,0.0,Dec,2,2,7,2,Returning_Visitor,0,0
0,0.0,2,10.0,15,178.0,0.019607843,0.043137255,0.0,0.0,May,2,2,1,4,Returning_Visitor,0,0
12,251.8666667,0,0.0,60,1993.915257,0.005970149,0.011984127,13.09154641,0.0,May,2,2,2,1,Returning_Visitor,0,0
1,26.2,0,0.0,13,245.1666667,0.0,0.0,58.9241766,0.0,Aug,2,5,3,4,New_Visitor,0,1
0,0.0,0,0.0,26,1380.833333,0.0,0.018055556,0.0,0.0,May,2,6,4,13,Returning_Visitor,0,0
5,710.3333333,0,0.0,23,7533.272727,0.0,0.007407407,0.0,0.0,Mar,2,2,1,2,Returning_Visitor,0,0
0,0.0,0,0.0,2,21.0,0.0,0.1,0.0,1.0,May,2,2,7,1,Returning_Visitor,1,0
6,101.3333333,0,0.0,10,266.5,0.028571429,0.028571429,0.0,0.0,Mar,2,2,4,1,Returning_Visitor,0,0
1,5.5,0,0.0,7,286.0,0.025,0.05,0.0,0.0,Mar,2,2,6,1,Returning_Visitor,0,0
0,0.0,0,0.0,1,0.0,0.2,0.2,0.0,0.0,Dec,1,1,4,1,Returning_Visitor,1,0
0,0.0,1,141.5,43,3044.047222,0.0,0.004545455,3.940422761,0.0,Dec,2,4,1,10,Returning_Visitor,0,1
0,0.0,0,0.0,10,103.0,0.02,0.036666667,0.0,0.0,May,2,2,1,6,Returning_Visitor,0,0
11,240.1,1,0.0,33,668.0333333,0.0,0.018119658,0.0,0.0,Aug,2,4,7,2,New_Visitor,1,0
2,52.0,1,17.66666667,18,1262.0,0.0,0.00952381,0.0,0.0,Mar,2,2,1,2,New_Visitor,0,0
2,18.33333333,0,0.0,36,1387.606061,0.005263158,0.025438596,0.0,0.0,Mar,2,2,8,1,Returning_Visitor,1,0
0,0.0,0,0.0,10,357.5555556,0.0,0.022222222,0.0,0.0,Dec,1,8,3,11,New_Visitor,0,0
0,0.0,0,0.0,1,0.0,0.2,0.2,0.0,0.0,May,3,2,3,15,Returning_Visitor,0,0
0,0.0,0,0.0,6,93.0,0.0,0.033333333,0.0,0.0,Mar,1,2,8,2,Returning_Visitor,0,0
0,0.0,3,16.0,35,1621.766667,0.007894737,0.040131579,0.0,0.0,Nov,2,2,1,2,Returning_Visitor,1,0
0,0.0,0,0.0,1,0.0,0.2,0.2,0.0,0.4,May,3,2,1,1,Returning_Visitor,0,0
0,0.0,0,0.0,1,0.0,0.2,0.2,0.0,0.0,May,2,2,2,1,Returning_Visitor,0,0
0,0.0,0,0.0,10,851.1666667,0.0,0.022222222,0.0,0.0,Dec,2,2,2,1,Returning_Visitor,0,0
0,0.0,0,0.0,55,1165.623254,0.013207547,0.018742138,0.0,0.0,May,3,2,1,19,Returning_Visitor,0,0
2,4.0,5,161.5,64,3757.079762,0.012254902,0.022009804,18.88360212,0.0,Nov,1,2,6,2,Returning_Visitor,0,0
0,0.0,0,0.0,8,316.0,0.0,0.019047619,0.0,0.0,Mar,1,1,1,2,New_Visitor,1,0
0,0.0,0,0.0,1,0.0,0.2,0.2,0.0,0.0,Aug,3,2,1,1,Returning_Visitor,1,0
1,14.2,0,0.0,22,839.568189,0.0,0.000952381,60.58437066,0.0,Nov,3,2,3,2,New_Visitor,1,1
0,0.0,0,0.0,20,447.5,0.02,0.04,0.0,0.0,Mar,2,2,1,1,Returning_Visitor,0,0
0,0.0,0,0.0,2,19.0,0.0,0.1,0.0,0.0,May,1,1,3,3,Returning_Visitor,0,0
0,0.0,0,0.0,12,234.0,0.015384615,0.053846154,0.0,0.0,May,2,2,4,14,Returning_Visitor,1,0
2,44.5,0,0.0,35,1330.666667,0.005882353,0.014705882,0.0,0.0,Nov,2,2,6,3,Returning_Visitor,0,0
0,0.0,0,0.0,3,75.0,0.0,0.066666667,0.0,0.0,Mar,2,5,1,3,Returning_Visitor,1,0
3,134.0,0,0.0,53,1659.319697,0.0,0.00380117,62.34813701,0.0,Mar,4,1,1,2,Returning_Visitor,0,1
0,0.0,0,0.0,7,143.0,0.0,0.028571429,0.0,0.0,Nov,2,5,2,3,Returning_Visitor,0,0
0,0.0,0,0.0,10,45.2,0.08,0.1,0.0,0.0,Aug,1,1,1,3,Returning_Visitor,0,0
0,0.0,0,0.0,5,89.5,0.04,0.053333333,0.0,0.0,Dec,1,1,3,2,Returning_Visitor,1,0
0,0.0,0,0.0,3,52.0,0.0,0.066666667,0.0,0.0,Mar,2,5,8,3,Returning_Visitor,1,0
6,86.5,1,2.0,39,1050.708333,0.021162791,0.018042396,13.40298256,0.0,May,3,2,6,3,Returning_Visitor,0,1
4,50.33333333,0,0.0,3,28.33333333,0.0,0.016666667,0.0,0.0,Dec,2,2,9,10,Returning_Visitor,0,0
0,0.0,0,0.0,14,253.1666667,0.014285714,0.04047619,0.0,0.6,May,3,2,8,13,Returning_Visitor,0,0
0,0.0,0,0.0,16,1599.266667,0.0,0.013333333,0.0,0.0,May,4,2,2,13,Returning_Visitor,0,0
1,1.333333333,0,0.0,32,395.2222222,0.006060606,0.011111111,0.0,0.0,Mar,2,4,1,2,Returning_Visitor,1,0
0,0.0,0,0.0,15,1134.455556,0.0,0.001333333,30.30681247,0.0,Dec,2,4,1,2,Returning_Visitor,0,1
0,0.0,0,0.0,4,34.0,0.1,0.15,0.0,0.0,Mar,3,2,6,1,Returning_Visitor,0,0
0,0.0,0,0.0,18,708.25,0.0,0.045098039,0.0,0.0,Mar,1,1,1,3,Returning_Visitor,0,0
4,178.1666667,4,162.6666667,4,214.8333333,0.0,0.018181818,0.0,0.0,Dec,2,2,2,1,Returning_Visitor,0,0
0,0.0,0,0.0,15,225.0,0.0,0.026666667,0.0,0.0,May,2,2,7,3,Returning_Visitor,0,0
1,28.0,0,0.0,19,362.0,0.0,0.005555556,0.0,0.0,May,2,2,7,5,Returning_Visitor,0,0
2,45.2,0,0.0,19,230.2,0.0,0.019047619,0.0,0.0,Jul,2,2,2,2,New_Visitor,0,0
0,0.0,0,0.0,24,550.1666667,0.008333333,0.050833333,0.0,0.0,Nov,2,2,1,2,Returning_Visitor,0,0
11,211.0333333,3,173.2333333,62,1340.676667,0.000391389,0.019726027,17.42324027,0.0,Aug,2,2,7,2,Returning_Visitor,0,0
15,317.0189394,3,126.75,238,9956.225533,0.0052,0.016955684,6.556237434,0.0,Nov,2,4,3,1,Returning_Visitor,1,1
0,0.0,0,0.0,3,138.0,0.1,0.111111111,0.0,0.0,Nov,1,1,1,3,Returning_Visitor,0,0
0,0.0,0,0.0,29,488.4090909,0.014285714,0.02173913,0.0,0.0,Nov,1,8,1,11,New_Visitor,0,1
0,0.0,0,0.0,5,427.0,0.0,0.04,0.0,0.0,Mar,3,3,3,9,Returning_Visitor,1,0
7,611.0333333,2,13.0,81,1719.375714,0.004494382,0.009737828,6.49444108,0.0,Oct,1,1,6,2,Returning_Visitor,1,0
3,126.5,0,0.0,36,576.8571429,0.005555556,0.01087963,0.0,0.0,Dec,1,1,4,3,Returning_Visitor,0,0
0,0.0,0,0.0,30,677.9166667,0.006666667,0.013333333,0.0,0.0,Nov,3,2,1,2,Returning_Visitor,1,0
0,0.0,0,0.0,39,2558.5,0.0,0.010810811,0.0,0.0,Nov,4,2,2,10,Returning_Visitor,0,0
2,48.0,0,0.0,51,1671.375,0.001098901,0.016433566,0.0,0.0,Mar,2,2,1,6,Returning_Visitor,1,0
3,107.4285714,0,0.0,59,1843.187696,0.014385965,0.041993382,5.71562257,0.0,Dec,2,2,7,7,Returning_Visitor,1,0
0,0.0,10,518.25,60,2068.248473,0.002857143,0.034058957,0.0,0.0,Nov,1,1,1,2,Returning_Visitor,0,0
4,95.75,12,886.25,154,7838.556598,0.00376506,0.014926307,0.0,0.0,Nov,3,2,6,2,Returning_Visitor,1,0
0,0.0,0,0.0,1,0.0,0.2,0.2,0.0,0.0,May,1,1,1,1,Returning_Visitor,0,0
8,121.425,3,273.5,100,2565.797222,0.001869159,0.012071651,0.0,0.0,Nov,2,2,7,13,Returning_Visitor,1,0
0,0.0,0,0.0,47,3650.316667,0.0,0.003333333,97.19657367,0.0,Nov,2,2,1,10,Returning_Visitor,0,1
7,138.15,0,0.0,9,232.31,0.0,0.028717949,0.0,0.0,Oct,2,2,5,2,Returning_Visitor,1,0
0,0.0,0,0.0,27,2098.238095,0.037037037,0.043518519,0.0,0.8,May,2,2,1,3,Returning_Visitor,0,0
3,45.5,0,0.0,43,1738.25,0.006349206,0.03537415,0.0,0.0,May,2,5,7,3,Returning_Visitor,0,0
2,30.5,2,18.0,15,1518.097619,0.0,0.031764706,31.75764706,0.0,May,2,2,8,2,Returning_Visitor,0,1
2,210.6,0,0.0,4,97.6,0.0,0.016666667,0.0,0.0,Nov,3,2,7,6,New_Visitor,1,0
1,42.0,2,80.5,46,838.6833333,0.0,0.015416667,0.0,0.0,Mar,2,2,1,10,Returning_Visitor,0,0
7,156.9,0,0.0,32,1123.691667,0.002702703,0.011312741,6.588,0.0,May,3,5,7,2,New_Visitor,0,1
0,0.0,0,0.0,8,140.5,0.025,0.05,0.0,0.0,May,2,4,1,3,Returning_Visitor,0,0
0,0.0,0,0.0,15,614.3333333,0.007692308,0.025641026,0.0,0.0,May,1,1,1,15,Returning_Visitor,0,0
2,56.2,0,0.0,102,5978.180357,0.004692308,0.020329446,15.25033754,0.6,May,2,2,3,2,Returning_Visitor,0,0
0,0.0,0,0.0,7,24.0,0.042857143,0.1,0.0,0.8,May,2,4,1,3,Returning_Visitor,0,0
0,0.0,0,0.0,62,1200.354444,0.003225806,0.023655914,0.0,0.0,Nov,2,2,4,1,Returning_Visitor,0,0
0,0.0,0,0.0,24,255.3222222,0.025,0.038888889,0.0,0.6,May,2,2,8,1,Returning_Visitor,0,0
0,0.0,0,0.0,3,55.0,0.066666667,0.1,0.0,0.6,Feb,1,1,1,3,Returning_Visitor,0,0
0,0.0,0,0.0,8,123.0,0.025,0.029166667,0.0,0.0,Nov,3,2,3,11,Returning_Visitor,1,0
0,0.0,0,0.0,47,1447.577273,0.0,0.011134752,0.0,0.6,May,2,2,3,3,Returning_Visitor,0,0
2,992.7142857,5,809.5,28,1793.214286,0.005714286,0.016428571,9.69917706,0.0,Nov,2,2,1,10,Returning_Visitor,0,1
0,0.0,0,0.0,25,981.0,0.024,0.048,15.3956,0.0,May,2,4,3,1,Returning_Visitor,0,1
3,73.5,8,376.3333333,42,986.5166667,0.019934641,0.031113658,0.0,0.0,May,3,2,1,1,Returning_Visitor,1,0
0,0.0,0,0.0,2,34.2,0.0,0.1,0.0,0.0,Sep,2,2,1,2,Returning_Visitor,0,0
7,120.5,0,0.0,19,1011.5,0.0,0.00952381,0.0,0.0,Mar,2,2,1,1,Returning_Visitor,0,0
1,23.0,0,0.0,15,656.25,0.028571429,0.028571429,0.0,0.0,Mar,1,1,8,2,Returning_Visitor,1,0
3,875.0,0,0.0,34,780.7916667,0.0,0.015675676,0.0,0.0,Dec,4,2,3,2,Returning_Visitor,1,0
2,94.6,1,74.6,16,199.0,0.0,0.015789474,0.0,0.0,Jul,1,2,9,2,New_Visitor,0,0
2,46.4,1,29.2,12,303.2464286,0.0,0.015384615,0.0,0.0,Oct,1,1,3,2,New_Visitor,1,0
6,214.0,0,0.0,27,830.1041667,0.0,0.021428571,0.0,0.0,Dec,1,1,2,2,Returning_Visitor,0,0
3,17.0,0,0.0,62,1493.353846,0.00952381,0.04031746,0.0,0.0,Dec,2,2,1,2,Returning_Visitor,0,0
0,0.0,0,0.0,7,49.86666667,0.085714286,0.092857143,0.0,0.0,Sep,1,1,9,3,Returning_Visitor,0,0
0,0.0,0,0.0,1,0.0,0.2,0.2,0.0,0.0,Mar,2,2,1,1,Returning_Visitor,0,0
4,210.5,0,0.0,131,2749.058333,0.009090909,0.017682257,8.960896465,0.0,May,2,2,2,1,Returning_Visitor,0,0
4,76.25,0,0.0,141,3274.521154,0.0,0.008391608,6.425757643,0.0,Dec,2,2,1,1,Returning_Visitor,0,0
0,0.0,2,163.0,62,813.0519481,0.003225806,0.011827957,9.311854839,0.0,May,2,2,5,2,Returning_Visitor,1,0
1,14.0,0,0.0,17,1093.142857,0.0,0.02125,0.0,0.0,Mar,2,2,2,2,Returning_Visitor,0,0
0,0.0,0,0.0,2,0.0,0.2,0.2,0.0,0.0,Nov,1,8,3,1,Returning_Visitor,1,0
0,0.0,0,0.0,7,64.0,0.0,0.014285714,0.0,0.0,Mar,2,2,1,3,Returning_Visitor,0,0
5,271.75,1,0.0,40,675.2020988,0.015,0.019412202,0.0,0.0,Oct,2,2,3,2,Returning_Visitor,0,0
5,129.5,0,0.0,33,982.0,0.0,0.005882353,0.0,0.0,May,2,5,2,4,Returning_Visitor,1,0
0,0.0,0,0.0,26,453.3333333,0.015384615,0.034615385,0.0,0.8,May,2,4,1,4,Returning_Visitor,0,0
3,136.5,0,0.0,10,412.0833333,0.0,0.016666667,0.0,0.0,Dec,3,3,3,2,New_Visitor,0,0
4,97.2,2,16.0,26,690.5666667,0.0,0.003703704,59.33984611,0.0,Jul,2,4,8,2,Returning_Visitor,0,1
0,0.0,1,0.0,48,783.6944444,0.012244898,0.01877551,0.0,0.0,Dec,2,2,3,2,Returning_Visitor,0,0
0,0.0,0,0.0,17,289.5555556,0.017647059,0.031372549,0.0,0.0,Dec,1,1,1,10,Returning_Visitor,0,0
1,25.5,0,0.0,12,250.8333333,0.0,0.016666667,0.0,0.0,Mar,3,2,2,1,Returning_Visitor,1,0
0,0.0,0,0.0,1,0.0,0.2,0.2,0.0,0.0,Nov,3,2,9,13,Returning_Visitor,1,0
0,0.0,0,0.0,42,1892.005556,0.02195122,0.040859466,0.0,0.0,Nov,1,1,1,13,Returning_Visitor,1,1
4,178.0,2,209.0,17,2777.666667,0.0,0.009090909,0.0,0.0,Mar,3,2,7,1,Returning_Visitor,0,0
2,75.0,0,0.0,29,1279.089286,0.003333333,0.014166667,35.60912359,0.0,Nov,2,2,3,11,Returning_Visitor,0,1
0,0.0,0,0.0,3,75.5,0.0,0.066666667,0.0,0.0,Dec,3,2,4,2,Returning_Visitor,1,0
0,0.0,0,0.0,1,0.0,0.2,0.2,0.0,0.0,May,2,2,8,3,Returning_Visitor,0,0
4,39.48,0,0.0,33,549.78,0.0,0.005555556,0.0,0.0,Sep,3,2,4,1,New_Visitor,0,0
2,76.5,0,0.0,10,123.2291667,0.022857143,0.059444444,0.0,0.0,Dec,1,2,1,10,Returning_Visitor,0,0
0,0.0,0,0.0,30,390.6666667,0.006666667,0.056666667,0.0,0.0,Mar,2,6,6,1,Returning_Visitor,0,0
5,158.7,0,0.0,51,1364.266667,0.007692308,0.011987179,0.0,0.0,Nov,3,2,3,2,Returning_Visitor,1,0
0,0.0,0,0.0,23,943.25,0.008695652,0.046376812,0.0,0.0,Nov,1,1,3,3,Returning_Visitor,0,0
0,0.0,0,0.0,4,32.0,0.0,0.05,0.0,0.0,Dec,2,2,3,2,Returning_Visitor,0,0
0,0.0,0,0.0,1,343.0,0.0,0.066666667,0.0,0.0,Nov,2,2,4,3,Other,0,0
1,34.26666667,2,21.2,8,2398.766667,0.0,0.022222222,0.0,0.0,June,4,1,1,3,Returning_Visitor,0,0
0,0.0,0,0.0,14,183.6666667,0.0,0.004761905,0.0,0.0,Mar,3,2,3,3,Returning_Visitor,0,0
10,130.625,0,0.0,20,707.1666667,0.0,0.007222222,0.0,0.0,Nov,4,1,1,3,Returning_Visitor,0,0
0,0.0,0,0.0,3,41.0,0.0,0.033333333,0.0,0.0,Mar,2,2,1,3,Returning_Visitor,1,0
8,287.7,0,0.0,20,531.56,0.0,0.012121212,0.0,0.0,Oct,2,2,9,20,New_Visitor,0,0
4,67.5,0,0.0,27,834.6666667,0.0,0.014285714,0.0,0.0,Nov,2,2,2,2,New_Visitor,1,0
4,250.8571429,1,37.5,71,1145.571429,0.0,0.004054054,80.58733784,0.0,May,2,4,1,1,Returning_Visitor,0,0
0,0.0,0,0.0,59,1560.601163,0.005172414,0.010673235,0.0,0.0,Mar,1,1,1,2,Returning_Visitor,0,0
0,0.0,0,0.0,15,183.8333333,0.066666667,0.073333333,0.0,0.8,May,3,2,1,3,Returning_Visitor,0,0
9,98.94444444,1,600.0,124,5731.094444,0.018346253,0.03371764,1.914174972,0.2,May,2,2,3,13,Returning_Visitor,0,0
7,79.5,2,31.5,65,5410.956705,0.002898551,0.019031516,0.0,0.0,Nov,2,2,3,2,Returning_Visitor,0,0
8,246.5333333,0,0.0,79,2150.433333,0.007228916,0.020883534,17.35448787,0.0,Nov,1,1,1,3,Returning_Visitor,0,0
0,0.0,0,0.0,23,752.7619048,0.013043478,0.015217391,0.0,0.0,Dec,1,1,6,3,Returning_Visitor,0,0
1,44.5,0,0.0,18,519.5,0.0,0.035,20.394,0.0,May,2,2,7,13,Returning_Visitor,0,0
0,0.0,0,0.0,5,143.0,0.0,0.04,0.0,0.0,Mar,2,4,1,1,Returning_Visitor,0,0
2,95.0,0,0.0,10,203.4166667,0.0,0.016666667,0.0,0.0,May,2,2,3,2,Returning_Visitor,1,0
2,24.2,0,0.0,8,530.0,0.0,0.044444444,0.0,0.0,Aug,1,8,1,2,Returning_Visitor,0,0
7,253.1,0,0.0,40,1591.888095,0.0,0.012186396,48.66217061,0.0,Dec,2,2,3,2,Returning_Visitor,1,1
7,169.5,0,0.0,21,484.95,0.008695652,0.037681159,0.0,0.0,Mar,1,2,2,2,Returning_Visitor,0,0
10,236.0795455,2,5.0,107,2589.881537,0.010601564,0.019627539,0.0,0.0,Dec,3,2,4,2,Returning_Visitor,0,0
0,0.0,0,0.0,13,153.5833333,0.0,0.020512821,0.0,0.0,May,2,2,4,13,Returning_Visitor,0,0
4,237.0,3,87.7,16,379.3,0.021212121,0.057575758,0.0,0.0,Oct,7,1,1,3,Returning_Visitor,0,0
0,0.0,0,0.0,18,1844.416667,0.0,0.023529412,28.52788235,0.0,May,3,7,3,4,Returning_Visitor,0,0
0,0.0,0,0.0,4,0.0,0.2,0.2,0.0,0.4,Feb,2,2,1,3,Returning_Visitor,0,0
0,0.0,0,0.0,52,2086.242857,0.015384615,0.020352564,0.0,0.0,Feb,2,2,7,1,Returning_Visitor,0,0
0,0.0,0,0.0,13,454.5,0.0,0.016666667,0.0,0.0,May,3,2,4,13,Returning_Visitor,0,0
0,0.0,1,212.5,21,1198.75,0.0,0.003174603,0.0,0.0,Mar,2,4,7,2,Returning_Visitor,0,0
3,64.5,0,0.0,14,671.625,0.0,0.030625,0.0,0.0,Nov,1,1,3,2,Returning_Visitor,1,0
0,0.0,0,0.0,12,676.25,0.0,0.025,0.0,0.0,Nov,2,4,1,6,Returning_Visitor,0,0
2,30.0,0,0.0,24,300.6666667,0.008333333,0.025,0.0,0.0,May,2,2,1,4,Returning_Visitor,0,0
0,0.0,0,0.0,4,10.0,0.1,0.15,0.0,0.0,Nov,2,2,1,1,Returning_Visitor,0,0
0,0.0,0,0.0,37,1048.980263,0.005555556,0.024074074,0.0,0.0,Nov,2,2,7,2,Returning_Visitor,1,0
0,0.0,0,0.0,33,472.3611111,0.012903226,0.014721408,0.0,0.0,Nov,1,1,9,2,Returning_Visitor,0,0
3,119.0,0,0.0,6,197.5,0.022222222,0.022222222,0.0,1.0,May,6,2,3,2,New_Visitor,1,0
0,0.0,0,0.0,1,0.0,0.2,0.2,0.0,0.0,Nov,8,2,9,3,Other,0,0
0,0.0,0,0.0,18,490.3,0.011111111,0.022222222,0.0,0.0,Sep,2,2,1,13,Returning_Visitor,0,0
1,47.16666667,1,3.0,42,1462.659125,0.004651163,0.019047619,7.734903101,0.0,May,2,2,6,4,Returning_Visitor,0,1
5,178.92,1,6.0,33,1017.576667,0.013157895,0.011842105,0.0,0.0,Nov,3,2,1,3,Returning_Visitor,0,0
0,0.0,0,0.0,6,671.6666667,0.0,0.016666667,0.0,0.0,May,2,4,3,3,Returning_Visitor,0,0
1,43.5,3,230.1666667,93,3773.715179,0.004123711,0.018162523,17.77043431,0.0,Nov,2,2,1,2,Returning_Visitor,0,1
8,580.2,1,145.6,48,2734.966667,0.0,0.007692308,27.60143046,0.0,Oct,2,2,4,5,New_Visitor,0,1
0,0.0,0,0.0,16,344.4,0.023529412,0.052941176,0.0,0.0,Jul,2,2,2,4,Returning_Visitor,0,0
0,0.0,0,0.0,28,1023.125,0.007142857,0.028571429,0.0,0.0,Nov,2,2,3,2,Returning_Visitor,0,0
0,0.0,0,0.0,43,1606.45,0.0,0.004761905,18.51505467,0.0,June,4,1,1,2,New_Visitor,0,1
5,99.16666667,1,27.0,33,483.2666667,0.002777778,0.009126984,0.0,0.6,May,8,5,1,2,Returning_Visitor,0,0
0,0.0,0,0.0,47,2493.985714,0.017021277,0.032056738,0.0,0.0,Dec,2,4,9,1,Returning_Visitor,0,1
1,16.0,1,29.0,19,1083.690476,0.016,0.024884615,19.3154,0.0,May,3,2,1,2,Returning_Visitor,0,0
1,19.0,0,0.0,8,208.0,0.04,0.1,0.0,0.0,Nov,2,2,1,1,Returning_Visitor,0,0
1,0.0,0,0.0,1,19.0,0.0,0.1,0.0,0.0,Mar,1,1,3,1,Returning_Visitor,0,0
4,117.8,0,0.0,12,267.8,0.025,0.04375,0.0,0.0,Sep,3,2,3,13,Returning_Visitor,0,0
0,0.0,0,0.0,7,87.71428571,0.042857143,0.089285714,0.0,0.0,Mar,3,2,1,3,Returning_Visitor,0,0
0,0.0,0,0.0,5,143.5,0.0,0.04,0.0,0.0,Mar,2,5,3,3,Returning_Visitor,0,0
6,631.1073171,3,7.6,28,2104.573984,0.007189542,0.034273974,35.51518951,0.0,Nov,2,2,5,6,Returning_Visitor,0,0
1,4.0,0,0.0,36,440.6,0.011111111,0.041898148,0.0,1.0,May,3,2,3,1,Returning_Visitor,1,0
6,45.03333333,1,69.6,120,5771.466862,0.002755906,0.014537746,4.586910248,0.0,Aug,4,2,1,2,Returning_Visitor,0,0
5,44.0,0,0.0,131,3865.838889,0.006458094,0.023900203,0.818306551,0.0,Nov,2,2,3,2,Returning_Visitor,1,1
1,26.5,0,0.0,6,110.0,0.066666667,0.1,0.0,0.0,Nov,3,2,1,2,Returning_Visitor,0,1
0,0.0,0,0.0,38,314.8333333,0.010526316,0.031578947,0.0,0.6,May,2,2,1,3,Returning_Visitor,0,0
2,95.0,3,48.0,9,259.5,0.0,0.015384615,0.0,0.0,May,1,1,1,2,Returning_Visitor,0,0
6,129.75,0,0.0,42,1173.07,0.0,0.005319149,18.95323404,0.0,Mar,2,2,3,8,New_Visitor,1,1
3,100.0,0,0.0,27,730.7916667,0.016,0.027555556,0.0,0.0,Nov,3,2,3,11,Returning_Visitor,0,0
0,0.0,0,0.0,2,18.0,0.0,0.1,0.0,0.0,Nov,1,1,1,1,Returning_Visitor,0,0
3,25.57142857,1,0.0,15,2026.47619,0.011764706,0.07254902,0.0,0.0,May,4,1,1,1,Returning_Visitor,0,0
0,0.0,0,0.0,9,980.5666667,0.0,0.011111111,78.56959864,0.0,Sep,2,2,5,2,New_Visitor,0,1
3,59.5,0,0.0,6,159.0,0.0,0.00625,0.0,0.0,Dec,3,2,8,6,New_Visitor,0,0
0,0.0,0,0.0,2,68.0,0.0,0.1,0.0,0.0,Feb,3,2,3,3,Returning_Visitor,0,0
0,0.0,0,0.0,2,0.0,0.2,0.2,0.0,0.0,May,1,1,3,11,Returning_Visitor,1,0
3,43.0,0,0.0,10,427.1666667,0.0,0.015384615,0.0,0.0,Mar,3,2,9,3,Returning_Visitor,0,0
0,0.0,0,0.0,27,892.9679487,0.014814815,0.022751323,0.0,0.0,Dec,2,2,3,2,Returning_Visitor,1,0
2,96.0,0,0.0,61,1260.524994,0.0,0.003225806,131.5040438,0.0,Nov,2,2,7,10,Returning_Visitor,1,1
0,0.0,0,0.0,1,0.0,0.2,0.2,0.0,0.0,Dec,1,1,5,1,Returning_Visitor,0,0
0,0.0,0,0.0,0,0.0,0.2,0.2,0.0,0.0,Nov,1,1,9,3,Returning_Visitor,0,0
0,0.0,0,0.0,27,925.3333333,0.003703704,0.025925926,0.0,0.6,Feb,4,1,3,3,Returning_Visitor,0,0
2,126.0,0,0.0,6,127.1666667,0.05,0.04375,0.0,0.0,Dec,3,2,5,3,Returning_Visitor,1,0
0,0.0,1,57.0,5,454.0,0.0,0.05,0.0,0.0,Mar,2,2,3,6,Returning_Visitor,0,0
1,38.0,0,0.0,5,131.0,0.033333333,0.013333333,0.0,0.0,Mar,1,2,1,9,New_Visitor,1,0
0,0.0,0,0.0,3,0.0,0.2,0.2,0.0,0.0,Nov,3,2,1,13,Returning_Visitor,0,0
0,0.0,0,0.0,28,512.7166667,0.007142857,0.013571429,1.401949127,0.0,Jul,2,2,7,1,Returning_Visitor,1,1
1,4.0,0,0.0,8,227.1,0.022222222,0.066666667,0.0,0.0,Aug,2,2,3,13,Returning_Visitor,0,0
1,17.2,0,0.0,4,192.4,0.0,0.01,0.0,0.0,Sep,2,2,2,2,New_Visitor,0,0
0,0.0,0,0.0,5,73.0,0.04,0.08,0.0,0.4,May,2,2,1,3,Returning_Visitor,0,0
0,0.0,0,0.0,21,1051.166667,0.0,0.00952381,14.14084367,0.0,Nov,1,8,2,6,New_Visitor,1,1
0,0.0,0,0.0,13,472.9952381,0.015384615,0.030769231,0.0,0.0,May,2,4,2,3,Returning_Visitor,1,0
0,0.0,0,0.0,4,352.0,0.0,0.05,0.0,0.4,May,2,2,3,1,Returning_Visitor,0,0
15,304.5833333,0,0.0,33,761.2233333,0.007619048,0.020793651,0.0,0.0,Oct,3,2,1,3,Returning_Visitor,1,0
5,140.6,0,0.0,16,423.5,0.0125,0.0125,0.0,0.0,Aug,3,2,1,3,Returning_Visitor,1,0
0,0.0,0,0.0,4,72.0,0.0,0.0,35.34967016,0.0,Sep,3,2,3,2,Returning_Visitor,1,1
0,0.0,0,0.0,44,547.0,0.06,0.087407407,0.0,0.6,May,3,2,1,13,Returning_Visitor,0,0
13,313.0909091,4,516.0,132,3083.050977,0.001494396,0.009733401,8.868449011,0.0,May,2,5,3,4,Returning_Visitor,0,0
0,0.0,0,0.0,11,297.25,0.0,0.022222222,0.0,0.0,May,2,2,3,1,Returning_Visitor,0,0
3,60.73333333,0,0.0,27,696.9,0.0,0.014814815,0.0,0.0,Sep,2,2,6,4,Returning_Visitor,0,0
0,0.0,0,0.0,8,412.1666667,0.0,0.0125,0.0,0.0,May,3,2,4,6,New_Visitor,0,0
5,67.5,3,245.0,32,1929.329762,0.0,0.00430839,0.0,0.0,Mar,2,4,1,1,Returning_Visitor,0,0
19,739.1948718,1,8.0,114,4269.493146,0.001574803,0.016980377,8.466384757,0.0,Nov,2,2,2,1,Returning_Visitor,0,0
3,48.5,0,0.0,10,138.1666667,0.0,0.015384615,0.0,0.0,Nov,2,2,1,2,New_Visitor,1,0
0,0.0,1,0.0,10,210.25,0.0,0.018181818,0.0,0.0,Nov,1,1,1,2,New_Visitor,0,0
0,0.0,0,0.0,15,455.5,0.0,0.014285714,0.0,0.0,May,2,10,3,2,New_Visitor,0,0
0,0.0,0,0.0,7,1544.75,0.014285714,0.033333333,0.0,0.0,Dec,1,1,3,1,Returning_Visitor,0,0
1,8.0,0,0.0,27,787.5357143,0.0,0.005142857,0.0,0.0,Nov,3,2,1,20,Returning_Visitor,0,0
6,132.0,1,5.0,30,1039.244444,0.005714286,0.017809524,3.998,0.6,May,3,2,4,3,Returning_Visitor,0,1
1,10.0,0,0.0,14,624.4333333,0.0,0.015238095,0.0,0.0,Nov,2,2,1,1,Returning_Visitor,0,0
0,0.0,0,0.0,2,57.0,0.0,0.1,0.0,0.0,Mar,3,2,1,1,Returning_Visitor,1,0
6,160.0952381,3,94.5,47,1682.870247,0.001333333,0.007891429,5.698642857,0.0,Mar,3,2,6,10,Returning_Visitor,0,1
5,107.5,0,0.0,31,2221.0,0.002857143,0.01047619,0.0,0.0,Nov,2,2,9,3,Returning_Visitor,0,0
1,8.0,2,61.5,31,1126.25,0.0,0.024242424,0.0,0.0,Nov,4,2,1,2,Returning_Visitor,0,0
0,0.0,0,0.0,8,149.0,0.0,0.033333333,64.788,0.0,May,2,2,1,2,Returning_Visitor,0,1
0,0.0,2,30.66666667,13,307.5714286,0.013333333,0.052777778,0.0,1.0,May,1,1,1,2,Returning_Visitor,1,0
5,69.8,0,0.0,87,1764.180047,0.007007576,0.032261103,0.0,0.0,June,2,6,1,1,Returning_Visitor,0,0
2,33.0,0,0.0,13,1649.0,0.0,0.033333333,0.0,0.0,May,2,2,1,2,Returning_Visitor,0,0
0,0.0,0,0.0,1,0.0,0.2,0.2,0.0,0.0,Mar,2,2,1,1,Returning_Visitor,1,0
3,19.33333333,0,0.0,28,710.9083333,0.006451613,0.012903226,0.0,0.0,May,2,2,8,3,New_Visitor,0,0
5,61.875,0,0.0,164,4389.887512,0.001183432,0.010151043,6.664239119,0.0,Nov,2,2,1,2,Returning_Visitor,0,1
0,0.0,1,929.0,75,4105.666667,0.002631579,0.017324561,0.0,0.0,Mar,2,2,3,1,Returning_Visitor,0,0
6,174.75,2,123.0,33,773.2566667,0.010810811,0.022972973,31.74373458,0.0,Nov,3,2,1,2,Returning_Visitor,0,1
0,0.0,0,0.0,32,827.6462121,0.0,0.00058651,54.67634844,0.0,Mar,2,2,7,2,Returning_Visitor,0,1
4,126.0769231,2,43.33333333,34,1395.445862,0.038927739,0.042311136,48.66071756,0.0,Nov,3,2,1,10,Returning_Visitor,0,1
4,1764.0,1,0.0,3,86.0,0.0,0.033333333,0.0,0.0,May,3,2,4,5,New_Visitor,0,0
0,0.0,0,0.0,7,121.0,0.028571429,0.057142857,0.0,0.0,Dec,2,2,7,3,Returning_Visitor,1,0
4,46.4,0,0.0,128,5287.233333,0.0171875,0.034482887,14.984875,0.4,May,2,2,3,13,Returning_Visitor,0,0
3,512.8333333,2,278.0,3,162.0,0.0,0.014285714,0.0,0.0,Mar,3,2,1,8,New_Visitor,1,0
9,449.8166667,0,0.0,17,200.95,0.0,0.024603175,0.0,0.0,Sep,2,2,1,2,Returning_Visitor,0,0
5,151.3333333,0,0.0,11,283.3333333,0.033333333,0.058333333,13.91046998,0.0,Nov,2,2,6,20,Returning_Visitor,0,1
0,0.0,0,0.0,27,1009.375,0.007407407,0.040740741,0.0,0.0,Nov,2,2,1,2,New_Visitor,1,1
4,32.2,2,28.2,23,934.3166667,0.0,0.01862069,11.28379079,0.0,Aug,2,2,5,4,Returning_Visitor,0,0
2,48.1875,4,121.5,51,1792.814481,0.003571429,0.01186886,60.07483189,0.0,Nov,3,2,1,2,Returning_Visitor,1,1
8,103.0,0,0.0,19,2081.5,0.0,0.01,24.54706296,0.0,Nov,2,2,3,2,New_Visitor,1,1
3,346.0,1,15.2,29,1107.216667,0.006060606,0.006700972,69.91439226,0.0,Nov,2,2,5,2,Returning_Visitor,0,0
11,210.8555556,0,0.0,149,4107.119658,0.006369427,0.013305319,0.513385987,0.6,May,1,1,3,1,Returning_Visitor,0,0
0,0.0,0,0.0,58,3200.366667,0.003448276,0.027586207,0.0,0.0,Mar,2,2,6,1,Returning_Visitor,0,0
3,215.0,0,0.0,53,1481.429167,0.001851852,0.012345679,56.31760103,0.0,Nov,1,8,1,11,Returning_Visitor,1,1
0,0.0,0,0.0,35,1386.716667,0.02,0.039269841,14.96432,0.0,May,1,8,4,20,Returning_Visitor,1,1
0,0.0,0,0.0,12,1165.333333,0.004166667,0.043055556,0.0,0.0,Mar,2,2,3,2,Returning_Visitor,0,0
7,136.6666667,1,7.0,25,687.5333333,0.013793103,0.014022989,5.078114943,0.0,May,1,2,3,4,New_Visitor,0,0
6,220.0,2,327.0,50,1845.166667,0.011111111,0.022376543,10.09862222,0.0,May,2,2,3,1,Returning_Visitor,0,0
0,0.0,0,0.0,2,21.0,0.0,0.05,0.0,0.8,May,2,2,9,3,Returning_Visitor,0,0
6,113.25,2,19.0,23,2049.75,0.022222222,0.033333333,95.35469341,0.0,Dec,1,1,2,2,Returning_Visitor,0,1
0,0.0,0,0.0,15,803.3333333,0.0,0.038888889,0.0,0.0,Dec,4,1,1,2,Returning_Visitor,0,0
2,0.0,0,0.0,8,119.0,0.075,0.1,0.0,0.0,May,1,2,1,2,Returning_Visitor,0,0
1,508.8,0,0.0,7,379.8,0.0,0.05,0.0,0.0,Jul,1,1,1,1,Returning_Visitor,0,0
0,0.0,0,0.0,10,1678.333333,0.0,0.02,0.0,0.0,Nov,2,2,1,2,Returning_Visitor,0,0
9,124.4266667,0,0.0,19,720.6766667,0.0,0.018933333,0.0,0.0,Oct,2,2,7,4,Returning_Visitor,0,0
0,0.0,0,0.0,5,108.0,0.0,0.08,0.0,0.0,May,2,2,3,13,Returning_Visitor,0,0
0,0.0,1,113.0,27,3178.583333,0.025,0.04047619,0.0,0.0,May,2,2,1,3,Returning_Visitor,0,0
0,0.0,0,0.0,4,14.0,0.0,0.05,0.0,0.0,May,1,1,3,2,Returning_Visitor,1,0
2,33.5,0,0.0,108,2270.908333,0.005504587,0.029663609,0.0,0.0,Nov,2,2,1,3,Returning_Visitor,0,0
0,0.0,0,0.0,67,771.4133333,0.0,0.004205128,0.0,0.0,Aug,1,8,9,1,Returning_Visitor,0,0
0,0.0,0,0.0,26,234.8,0.05,0.119230769,0.0,0.0,Jul,2,2,7,13,Returning_Visitor,0,0
1,22.0,3,39.0,80,1903.081639,0.007228916,0.032248996,0.0,0.0,Dec,3,2,1,2,Returning_Visitor,0,0
0,0.0,0,0.0,8,143.2,0.0,0.029166667,0.0,0.0,Nov,3,2,1,2,Returning_Visitor,0,0
2,48.0,0,0.0,3,66.5,0.05,0.1,0.0,0.0,May,3,2,1,3,Returning_Visitor,0,0
0,0.0,0,0.0,29,830.9333333,0.035555556,0.088333333,0.0,0.6,May,3,2,6,13,Returning_Visitor,0,0
15,292.88,1,48.35,130,3645.909048,0.001459854,0.008515815,10.41358118,0.0,Nov,2,4,8,2,Returning_Visitor,0,0
7,51.5,0,0.0,59,1954.754167,0.0,0.003225806,0.0,0.0,Dec,2,2,3,1,Returning_Visitor,0,0
0,0.0,0,0.0,36,777.2175325,0.029166667,0.018068783,0.0,1.0,May,1,1,7,3,Returning_Visitor,1,0
8,133.35,2,383.8,14,552.48,0.005263158,0.016140351,20.33155364,0.0,Aug,1,1,1,6,Returning_Visitor,0,0
0,0.0,0,0.0,13,1461.416667,0.021978022,0.047163947,0.0,0.0,Nov,3,2,3,11,Returning_Visitor,1,0
4,69.66666667,1,23.0,161,6524.035369,0.005050505,0.013944826,45.41882207,0.0,Nov,2,2,3,2,Returning_Visitor,0,1
0,0.0,0,0.0,1,0.0,0.2,0.2,0.0,0.0,Dec,1,1,6,2,Returning_Visitor,0,0
12,1106.389831,9,627.4583333,125,7444.938071,0.007701238,0.022385989,7.201209277,0.0,Nov,3,2,4,2,Returning_Visitor,0,1
3,132.92,4,212.8,36,1335.773333,0.014285714,0.034484127,11.11383981,0.0,Nov,2,7,2,2,Returning_Visitor,0,0
3,199.75,0,0.0,8,331.4,0.0,0.003333333,0.0,0.0,Mar,3,2,2,10,New_Visitor,0,0
1,139.0,3,871.4,137,7672.152381,0.00177305,0.011631206,37.72031898,0.0,Oct,2,2,4,2,Returning_Visitor,0,1
3,83.4,0,0.0,43,2013.659524,0.0,0.009090909,0.0,0.0,Oct,2,2,1,20,Returning_Visitor,0,0
2,58.0,0,0.0,50,952.4345238,0.0,0.011538462,2.179730769,0.0,Mar,4,2,2,11,Returning_Visitor,1,1
6,72.01960784,4,343.0,157,4461.28524,8.08e-05,0.007018826,31.85608032,0.0,Dec,2,4,3,2,Returning_Visitor,0,1
3,53.0,2,7.0,24,678.0,0.0,0.014814815,20.13555556,0.0,May,2,5,3,2,Returning_Visitor,0,1
0,0.0,0,0.0,15,755.25,0.026666667,0.033333333,0.0,0.0,Nov,2,2,6,1,Returning_Visitor,1,0
7,117.6666667,0,0.0,74,1540.290115,0.00617284,0.016237507,0.0,0.0,Aug,2,2,7,1,Returning_Visitor,0,0
0,0.0,0,0.0,9,442.0,0.0,0.044444444,0.0,0.2,May,2,2,7,2,Returning_Visitor,0,0
10,398.5727115,1,132.0,24,985.0802412,0.00859375,0.028987132,0.0,0.0,Sep,3,2,1,3,Returning_Visitor,1,0
0,0.0,0,0.0,19,337.1666667,0.0,0.003508772,0.0,1.0,May,1,1,9,3,Returning_Visitor,1,0
0,0.0,0,0.0,38,1593.583333,0.0,0.010526316,0.0,0.0,Nov,2,2,2,1,Returning_Visitor,0,0
5,494.1666667,0,0.0,8,204.0,0.0,0.030769231,0.0,0.0,Mar,2,4,4,1,Returning_Visitor,0,0
0,0.0,0,0.0,5,197.0,0.0,0.06,0.0,0.0,May,2,2,7,3,Returning_Visitor,1,0
5,134.75,3,16.0,165,6323.853465,0.010654414,0.02804138,3.512852934,0.0,Nov,1,1,1,2,Returning_Visitor,0,1
1,4.0,0,0.0,4,151.0,0.0,0.08,0.0,1.0,May,2,2,3,1,Returning_Visitor,1,0
0,0.0,0,0.0,39,1020.013889,0.005405405,0.014226044,0.0,0.0,Dec,3,2,7,1,Returning_Visitor,1,0
0,0.0,0,0.0,8,286.7,0.05,0.075,0.0,0.0,Jul,3,2,1,1,Returning_Visitor,0,0
0,0.0,0,0.0,1,24.0,0.0,0.1,0.0,0.0,May,1,1,4,3,Returning_Visitor,1,0
0,0.0,0,0.0,8,866.0,0.05,0.058333333,0.0,0.0,Dec,2,2,2,6,Returning_Visitor,0,0
6,253.0,0,0.0,21,686.4,0.003846154,0.012179487,0.0,0.0,Mar,1,1,3,3,Returning_Visitor,0,0
0,0.0,0,0.0,16,355.5,0.0,0.014285714,11.13171429,0.0,May,3,2,1,3,New_Visitor,0,1
0,0.0,0,0.0,6,463.5,0.0,0.033333333,0.0,0.0,Mar,2,5,1,3,Returning_Visitor,0,0
2,78.64980843,0,0.0,117,4185.096695,0.024119241,0.04298103,2.427453927,0.0,Jul,2,2,1,1,Returning_Visitor,0,1
8,2086.75,1,46.5,81,5546.0,0.002325581,0.014562569,15.56462164,0.0,Nov,2,2,1,2,Returning_Visitor,0,1
4,143.8333333,0,0.0,43,997.7083333,0.002222222,0.021111111,0.0,0.0,Dec,2,5,3,2,Returning_Visitor,0,0
0,0.0,0,0.0,3,15.0,0.0,0.066666667,0.0,0.0,Mar,2,4,3,12,Returning_Visitor,0,0
0,0.0,0,0.0,30,484.672619,0.0,0.018965517,0.0,0.0,Mar,2,6,7,1,Returning_Visitor,0,0
0,0.0,0,0.0,4,81.5,0.0,0.025,0.0,0.0,May,1,1,2,4,Returning_Visitor,1,0
0,0.0,0,0.0,13,238.1666667,0.0,0.007692308,0.0,0.0,Mar,2,2,6,2,Returning_Visitor,0,0
1,8.0,0,0.0,33,636.5833333,0.0,0.00625,0.0,0.0,Dec,3,2,1,2,New_Visitor,0,0
0,0.0,0,0.0,3,21.0,0.0,0.066666667,0.0,0.0,Nov,2,4,2,2,Returning_Visitor,1,1
4,69.96666667,0,0.0,28,2728.755,0.0,0.009313725,0.0,0.0,Oct,1,1,1,5,Returning_Visitor,0,0
5,138.5,0,0.0,11,578.3333333,0.05,0.072916667,0.0,0.0,May,1,1,1,4,Returning_Visitor,0,0
0,0.0,0,0.0,2,5.0,0.0,0.1,0.0,0.0,Mar,2,2,9,1,Returning_Visitor,0,0
6,86.2,0,0.0,49,3003.419048,0.010526316,0.015711501,4.376915789,0.4,May,1,1,4,4,Returning_Visitor,0,0
0,0.0,0,0.0,6,39.5,0.0,0.02,0.0,0.0,Feb,2,2,1,3,Returning_Visitor,0,0
0,0.0,0,0.0,5,108.0,0.0,0.04,0.0,0.0,May,4,1,3,4,Returning_Visitor,0,0
0,0.0,0,0.0,24,488.3333333,0.0,0.004347826,72.30208696,0.0,May,2,2,1,4,New_Visitor,0,1
0,0.0,0,0.0,1,0.0,0.2,0.2,0.0,0.0,Jul,1,1,1,2,Returning_Visitor,0,0
1,7.0,0,0.0,29,906.5666667,0.0,0.006896552,0.0,0.0,Mar,4,1,1,2,New_Visitor,1,0
0,0.0,0,0.0,72,2494.8171,0.002777778,0.013842593,0.0,0.0,Nov,1,2,1,11,Returning_Visitor,0,0
3,281.0,0,0.0,6,145.0,0.0,0.025,0.0,0.0,Mar,3,2,8,8,New_Visitor,0,0
6,205.0,0,0.0,20,221.78,0.0,0.001515152,0.0,0.0,Nov,1,1,1,2,Returning_Visitor,0,0
4,181.5,0,0.0,34,2265.571429,0.0,0.018018018,28.11367347,0.0,Nov,4,1,3,1,Returning_Visitor,1,1
3,23.0,0,0.0,30,465.4166667,0.0,0.009375,50.66498303,0.0,Mar,4,1,4,3,Returning_Visitor,0,0
1,19.0,0,0.0,16,278.9142857,0.007142857,0.04,0.0,0.0,May,1,8,1,4,Returning_Visitor,1,0
0,0.0,0,0.0,3,133.5,0.1,0.155555556,0.0,0.4,May,2,4,1,6,Returning_Visitor,0,0
2,61.16666667,0,0.0,47,901.25,0.008333333,0.025,32.799375,0.0,May,2,4,6,4,Returning_Visitor,0,1
1,28.2,0,0.0,2,0.0,0.066666667,0.133333333,0.0,0.0,June,1,8,2,3,New_Visitor,1,0
0,0.0,0,0.0,37,607.4666667,0.0,0.002777778,39.97777778,0.0,May,1,1,1,2,Returning_Visitor,1,1
0,0.0,0,0.0,16,687.3848485,0.0,0.005208333,29.4628439,0.0,Nov,3,2,3,2,New_Visitor,1,0
1,23.2,0,0.0,24,704.5666667,0.0,0.011538462,14.22049566,0.0,Aug,2,2,2,1,Returning_Visitor,0,0
4,97.0,0,0.0,22,739.5833333,0.009090909,0.006060606,0.0,0.0,May,1,1,6,4,New_Visitor,1,0
3,27.0,0,0.0,10,1579.375,0.0125,0.06,0.0,0.0,Nov,2,2,1,2,Returning_Visitor,0,0
1,8.0,0,0.0,11,701.0,0.0,0.016666667,0.0,0.0,Aug,2,2,1,2,Returning_Visitor,0,0
0,0.0,0,0.0,3,25.5,0.066666667,0.133333333,0.0,0.0,Nov,1,1,3,2,Returning_Visitor,1,0
4,27.0,0,0.0,42,601.7666667,0.0,0.004545455,0.0,0.0,Mar,2,5,3,3,Returning_Visitor,0,0
3,90.5,0,0.0,15,369.5,0.0,0.025,0.0,0.0,Nov,3,2,2,2,New_Visitor,1,0
5,389.0,0,0.0,5,310.5,0.0,0.014285714,0.0,0.0,May,2,4,2,2,New_Visitor,0,0
0,0.0,0,0.0,7,43.0,0.085714286,0.121428571,0.0,0.0,Dec,3,2,1,1,Returning_Visitor,0,0
0,0.0,0,0.0,25,316.5416667,0.0,0.02,0.0,0.0,Dec,2,2,9,1,Returning_Visitor,0,0
9,216.23,1,140.5,310,8468.339278,0.002821317,0.012414294,0.875047932,0.0,Sep,2,10,3,2,Returning_Visitor,1,0
0,0.0,0,0.0,17,336.0,0.0,0.01875,0.0,0.8,May,2,2,1,4,Returning_Visitor,0,0
5,129.5,0,0.0,13,1507.333333,0.016666667,0.028125,0.0,0.0,Mar,2,2,3,2,Returning_Visitor,0,0
0,0.0,0,0.0,17,600.5,0.0,0.005882353,0.0,0.0,Mar,2,2,7,10,Returning_Visitor,0,0
0,0.0,0,0.0,1,0.0,0.2,0.2,0.0,0.0,Mar,2,2,1,2,Returning_Visitor,0,0
5,111.3,0,0.0,138,4172.11572,0.0,0.008337205,17.63434621,0.0,Nov,2,2,9,2,Returning_Visitor,0,0
8,103.5,0,0.0,64,1550.211111,0.0,0.016086957,7.868950242,0.0,May,2,2,2,14,Returning_Visitor,1,0
0,0.0,0,0.0,4,0.0,0.2,0.2,0.0,0.6,May,3,2,1,3,Returning_Visitor,0,0
0,0.0,0,0.0,9,597.0,0.111111111,0.144444444,0.0,0.2,May,2,4,6,3,Returning_Visitor,0,0
1,8.0,0,0.0,55,1893.650488,0.012727273,0.038483516,0.0,0.0,Nov,3,2,1,13,Returning_Visitor,1,0
0,0.0,0,0.0,44,1184.269841,0.004545455,0.023295455,0.0,0.0,Nov,1,2,1,2,Returning_Visitor,0,0
0,0.0,0,0.0,7,245.4,0.025,0.08125,3.27121463,0.0,Sep,3,7,3,4,Returning_Visitor,0,0
1,55.4,0,0.0,9,949.6,0.0,0.046666667,0.0,0.0,Oct,1,8,5,11,Returning_Visitor,0,0
3,135.5,0,0.0,30,2040.166667,0.0,0.022727273,4.350513745,0.0,Dec,2,2,8,2,Returning_Visitor,0,1
2,197.0,4,219.0,53,1518.761111,0.007272727,0.005454545,0.0,0.0,Mar,1,1,6,2,Returning_Visitor,1,0
1,0.0,0,0.0,3,0.0,0.2,0.2,0.0,0.0,May,1,1,4,4,Returning_Visitor,1,0
0,0.0,0,0.0,94,9836.068333,0.007446809,0.028191489,0.0,0.0,Sep,2,2,1,13,Returning_Visitor,0,0
0,0.0,0,0.0,2,9.0,0.0,0.1,0.0,0.0,Dec,2,2,1,3,Returning_Visitor,0,0
0,0.0,0,0.0,41,1066.339286,0.012195122,0.043292683,0.0,0.0,Nov,3,2,3,1,Returning_Visitor,0,0
4,75.1,0,0.0,7,102.7,0.0,0.011111111,0.0,0.0,Sep,2,4,6,2,Returning_Visitor,0,1
2,267.8,0,0.0,6,616.5,0.028571429,0.038095238,0.0,0.0,Sep,3,2,3,4,Returning_Visitor,0,0
3,96.0,0,0.0,12,175.175,0.02,0.031111111,0.0,0.0,Dec,3,2,8,2,New_Visitor,0,0
0,0.0,0,0.0,15,75.0,0.08,0.12,0.0,0.6,May,2,2,6,2,Returning_Visitor,0,0
0,0.0,0,0.0,3,62.25,0.0,0.066666667,0.0,0.0,Dec,1,1,7,2,Returning_Visitor,0,0
0,0.0,0,0.0,4,1623.666667,0.133333333,0.140833333,0.0,0.0,Aug,1,1,1,3,Returning_Visitor,0,0
6,111.5,0,0.0,26,449.0277778,0.0,0.018518519,0.0,0.6,Feb,1,1,3,3,Returning_Visitor,0,0
5,141.14,0,0.0,12,305.24,0.0,0.013333333,0.0,0.0,June,2,2,9,3,Returning_Visitor,0,0
6,389.75,3,545.0,65,1690.790351,0.014642857,0.034671498,13.66158824,1.0,May,2,10,2,1,Returning_Visitor,1,0
3,70.6,0,0.0,11,93.5,0.1,0.107142857,0.0,0.0,Oct,1,1,1,3,Returning_Visitor,0,0
0,0.0,0,0.0,14,1404.75,0.0,0.021428571,0.0,0.0,Dec,2,2,1,2,New_Visitor,0,0
0,0.0,0,0.0,5,58.0,0.0,0.04,0.0,0.0,May,2,2,4,3,Returning_Visitor,0,0
0,0.0,0,0.0,26,436.8,0.074074074,0.088888889,0.0,0.0,Jul,2,2,1,3,Returning_Visitor,0,0
0,0.0,0,0.0,12,261.0,0.033333333,0.083333333,0.0,0.0,Mar,2,2,7,1,Returning_Visitor,0,0
3,43.0,4,81.0,132,5091.890896,0.006521739,0.029863649,0.0,0.0,Nov,2,2,4,2,Returning_Visitor,1,1
0,0.0,0,0.0,3,23.0,0.066666667,0.1,0.0,0.6,May,3,2,1,3,Returning_Visitor,0,0
0,0.0,0,0.0,1,0.0,0.2,0.2,0.0,0.0,Mar,3,2,3,1,Returning_Visitor,0,0
6,30.7,3,45.0,38,1481.783333,0.012244898,0.029387755,0.0,0.0,Nov,2,2,4,10,Returning_Visitor,0,1
0,0.0,0,0.0,29,738.8861111,0.0,0.002469136,0.0,0.0,Dec,3,2,6,2,Returning_Visitor,1,0
6,85.96666667,1,2.0,76,1464.209618,0.009803094,0.01785746,0.0,0.0,Aug,3,2,8,4,Returning_Visitor,0,0
5,879.5,0,0.0,43,2365.429545,0.0,0.013043478,0.0,0.0,Nov,4,1,1,10,Returning_Visitor,0,0
8,186.5,0,0.0,57,1925.102381,0.005,0.0175,23.4154,0.0,May,2,2,3,6,Returning_Visitor,0,0
0,0.0,0,0.0,3,71.5,0.066666667,0.133333333,0.0,0.0,Nov,2,2,3,3,Returning_Visitor,0,0
0,0.0,0,0.0,2,0.0,0.2,0.2,0.0,0.0,Nov,2,10,2,10,Returning_Visitor,0,0
0,0.0,0,0.0,23,966.3583333,0.0,0.004081633,0.0,0.0,Nov,3,2,7,2,Returning_Visitor,0,0
7,155.0,0,0.0,20,252.9833333,0.008333333,0.025,0.0,0.0,Oct,2,2,1,3,Returning_Visitor,0,0
0,0.0,0,0.0,10,130.5,0.02,0.1,0.0,0.0,Dec,2,2,7,3,Returning_Visitor,0,0
0,0.0,0,0.0,8,117.8,0.15,0.15,0.0,0.0,June,1,1,3,3,Returning_Visitor,1,0
0,0.0,0,0.0,45,747.0428571,0.017777778,0.031296296,0.0,0.0,Nov,3,2,1,13,Returning_Visitor,0,0
0,0.0,0,0.0,10,199.6666667,0.01,0.045,0.0,0.0,Nov,3,2,4,3,Returning_Visitor,0,0
0,0.0,0,0.0,4,82.5,0.0,0.05,0.0,0.0,Mar,3,2,1,3,Returning_Visitor,0,0
0,0.0,0,0.0,7,103.5,0.0,0.057142857,0.0,0.0,Nov,2,2,2,2,Returning_Visitor,0,1
0,0.0,0,0.0,29,631.775,0.021428571,0.05042517,0.0,0.0,Nov,2,2,1,1,Returning_Visitor,0,0
0,0.0,0,0.0,20,447.047619,0.01,0.028888889,0.0,0.0,Dec,1,2,3,2,New_Visitor,0,1
0,0.0,0,0.0,21,476.8666667,0.00952381,0.034126984,0.0,0.0,Nov,3,2,1,2,Returning_Visitor,1,0
0,0.0,0,0.0,7,16.0,0.0,0.033333333,0.0,0.0,Dec,1,1,1,2,Returning_Visitor,1,0
2,42.5,0,0.0,48,970.4192641,0.008571429,0.025088095,5.540024667,0.6,May,2,2,4,4,Returning_Visitor,0,1
6,202.1,0,0.0,47,3633.953333,0.00130719,0.017287582,16.14887273,0.0,Oct,4,2,8,1,Returning_Visitor,0,0
0,0.0,0,0.0,39,4022.0,0.0,0.034188034,0.0,0.0,Nov,2,2,6,1,Returning_Visitor,0,0
0,0.0,0,0.0,2,0.0,0.2,0.2,0.0,0.0,Mar,2,2,1,3,Returning_Visitor,1,0
4,118.7,0,0.0,3,89.5,0.0,0.047619048,0.0,0.0,Nov,3,2,1,4,Returning_Visitor,0,0
1,20.2,0,0.0,6,204.4,0.0,0.028571429,0.0,0.0,Oct,2,7,3,5,New_Visitor,1,0
7,46.2,0,0.0,22,280.0466667,0.00952381,0.012698413,0.0,0.0,Aug,2,2,1,3,New_Visitor,1,0
1,25.0,0,0.0,14,397.0,0.03625,0.047395833,14.9925,0.0,May,1,1,3,3,Returning_Visitor,0,1
2,24.5,1,710.0,66,4566.952839,0.006470588,0.018141923,0.0,0.0,Mar,3,2,2,2,Returning_Visitor,0,0
0,0.0,0,0.0,12,312.6666667,0.0,0.033333333,0.0,0.0,May,1,1,1,4,Returning_Visitor,0,0
4,485.3333333,2,18.0,19,345.3833333,0.0,0.005797101,0.0,0.0,Mar,3,2,3,8,New_Visitor,1,0
4,42.2,0,0.0,98,2260.838889,0.004040404,0.007070707,32.9346011,0.0,Nov,2,4,1,3,New_Visitor,0,1
0,0.0,0,0.0,4,2.333333333,0.15,0.1625,0.0,0.0,May,2,2,4,13,Returning_Visitor,0,0
0,0.0,2,105.0,194,6460.192638,0.003760684,0.017284446,1.79107248,0.0,Nov,2,2,3,2,Returning_Visitor,0,1
8,294.5,3,231.7,24,1034.583333,0.0,0.015196078,9.877647059,0.0,May,2,4,3,3,Returning_Visitor,0,1
0,0.0,0,0.0,7,499.5,0.0,0.033333333,0.0,0.8,May,2,4,1,5,New_Visitor,0,0
0,0.0,0,0.0,49,1384.016667,0.0,0.011904762,0.0,0.0,Mar,2,2,1,2,Returning_Visitor,0,0
0,0.0,0,0.0,16,149.9,0.05625,0.1,0.0,0.0,June,2,2,7,1,Returning_Visitor,0,0
0,0.0,0,0.0,5,131.5,0.04,0.093333333,0.0,0.6,May,1,1,1,1,Returning_Visitor,0,0
2,36.0,0,0.0,15,168.8461538,0.0,0.011764706,0.0,0.4,Feb,1,1,1,3,Returning_Visitor,0,0
1,6.0,1,0.0,45,1582.75,0.043478261,0.050821256,54.17976426,0.4,Feb,3,2,1,1,Returning_Visitor,0,0
5,56.8,0,0.0,3,27.2,0.0,0.033333333,0.0,0.0,Nov,2,2,6,2,New_Visitor,0,0
0,0.0,0,0.0,6,143.5,0.0,0.016666667,0.0,0.0,Dec,1,1,8,10,Returning_Visitor,0,0
1,74.6,0,0.0,8,810.0,0.0,0.036666667,10.67716934,0.0,Nov,2,2,1,4,Returning_Visitor,0,0
8,1040.25,0,0.0,207,5160.451362,0.002296651,0.013407291,0.0,0.0,Nov,2,2,1,2,Returning_Visitor,0,0
3,60.25,0,0.0,8,131.5833333,0.02,0.013333333,0.0,0.0,Nov,3,2,1,2,New_Visitor,0,0
0,0.0,0,0.0,1,0.0,0.2,0.2,0.0,0.0,Mar,2,2,7,1,Returning_Visitor,0,0
0,0.0,0,0.0,21,1128.583333,0.0,0.013043478,3.685400817,0.0,Dec,2,2,1,2,Returning_Visitor,0,0
3,59.2,0,0.0,9,1261.7,0.016666667,0.05,0.0,0.0,Aug,2,5,1,5,Returning_Visitor,0,0
2,16.0,0,0.0,33,1123.242857,0.006060606,0.021969697,11.12342124,0.0,Mar,2,2,3,13,Returning_Visitor,0,0
9,255.4166667,2,94.16666667,22,612.8194444,0.015018315,0.025760906,22.31126324,0.0,Nov,3,2,4,2,Returning_Visitor,1,1
0,0.0,0,0.0,33,1703.321429,0.0,0.042424242,0.0,0.6,May,2,5,3,1,Returning_Visitor,0,0
0,0.0,0,0.0,1,0.0,0.2,0.2,0.0,0.0,Mar,3,2,3,1,Returning_Visitor,0,0
11,202.4254386,5,1767.666667,338,13265.35595,0.007520348,0.018855633,1.114150182,0.0,Nov,2,2,3,2,Returning_Visitor,0,1
3,25.4,0,0.0,73,2958.5,0.005405405,0.021846847,5.677286486,0.4,May,2,5,2,3,Returning_Visitor,0,0
0,0.0,0,0.0,3,0.0,0.2,0.2,0.0,0.6,May,2,2,6,3,Returning_Visitor,0,0
5,66.96666667,2,416.0,291,12065.18135,0.00122631,0.008659512,9.013011371,0.0,May,2,2,1,4,Returning_Visitor,0,0
0,0.0,0,0.0,2,15.0,0.0,0.1,0.0,0.0,May,2,6,7,3,Returning_Visitor,0,0
7,141.8388889,0,0.0,33,486.5600582,0.006666667,0.028784722,11.84059922,0.0,June,2,2,3,1,Returning_Visitor,0,0
1,0.0,0,0.0,34,2161.979365,0.00625,0.020233586,0.0,0.0,Mar,3,2,1,1,Returning_Visitor,0,0
0,0.0,0,0.0,16,729.0,0.0125,0.040625,0.0,0.0,May,2,4,1,3,Returning_Visitor,0,0
10,170.9263566,0,0.0,282,4339.924841,0.002040816,0.011461095,2.395283135,0.0,Sep,2,2,4,1,Returning_Visitor,0,0
5,46.14285714,0,0.0,51,1346.630231,0.007126437,0.029719534,0.0,0.0,Nov,2,2,3,2,Returning_Visitor,1,0
2,13.875,0,0.0,26,1939.155952,0.006451613,0.026352357,24.69983785,0.0,Nov,3,2,1,2,Returning_Visitor,1,0
0,0.0,1,1.0,93,4324.737073,0.021112782,0.034077383,0.0,1.0,May,3,2,1,5,Returning_Visitor,1,0
0,0.0,0,0.0,7,98.5,0.071428571,0.1,0.0,0.0,Mar,1,1,6,1,Returning_Visitor,0,0
0,0.0,0,0.0,5,131.8333333,0.0,0.013333333,36.13790493,0.0,June,1,1,1,5,New_Visitor,0,1
4,571.25,1,0.0,11,470.9166667,0.015384615,0.061538462,0.0,0.0,Nov,1,1,1,2,Returning_Visitor,1,0
0,0.0,2,75.0,14,442.3333333,0.0,0.034375,0.0,0.8,Feb,1,1,3,3,Returning_Visitor,0,0
0,0.0,0,0.0,18,628.8333333,0.0,0.005555556,0.0,0.0,Mar,1,1,2,2,Returning_Visitor,1,0
5,68.66666667,0,0.0,11,126.5,0.01547619,0.032291667,0.0,0.0,May,2,2,4,2,Returning_Visitor,0,0
0,0.0,0,0.0,6,66.25,0.0,0.066666667,0.0,0.0,Nov,2,2,9,1,Returning_Visitor,0,0
0,0.0,0,0.0,9,482.0,0.0,0.022222222,0.0,0.0,Feb,2,5,1,6,Returning_Visitor,0,0
1,21.2,0,0.0,21,836.1,0.0,0.004545455,0.0,0.0,Oct,2,4,9,4,New_Visitor,0,0
5,30.0,1,4.0,107,4376.902655,0.007272727,0.021707552,0.0,0.0,Oct,2,2,2,4,Returning_Visitor,0,0
0,0.0,0,0.0,60,3386.0,0.025333333,0.063888889,0.0,0.8,May,2,2,1,6,Returning_Visitor,0,0
1,27.9,0,0.0,64,3875.427778,0.0,0.019583333,5.698585477,0.0,Nov,2,2,1,2,Returning_Visitor,0,0
8,96.75,1,73.75,64,2527.083333,0.0,0.005239899,0.0,0.0,Nov,2,2,4,2,Returning_Visitor,0,0
5,59.0,0,0.0,3,44.66666667,0.0,0.025,0.0,0.0,Mar,2,4,6,2,Returning_Visitor,1,0
4,37.0,0,0.0,9,224.25,0.0,0.015384615,0.0,0.0,Nov,2,2,3,2,New_Visitor,0,0
0,0.0,0,0.0,1,0.0,0.2,0.2,0.0,0.0,June,1,8,1,1,Returning_Visitor,0,0
5,157.5,0,0.0,15,138.75,0.0125,0.025,0.0,0.0,Nov,1,1,1,2,New_Visitor,0,0
7,214.3333333,5,53.0,29,528.1964286,0.0,0.013153595,0.0,0.2,May,1,1,1,2,Returning_Visitor,0,0
5,135.25,0,0.0,26,794.9928571,0.007407407,0.026419753,33.44471217,0.0,Dec,1,1,1,2,Returning_Visitor,0,0
4,304.6,0,0.0,7,137.6,0.0,0.0375,0.0,0.0,Aug,3,2,1,5,New_Visitor,0,0
14,352.1071429,2,759.0,64,3660.342875,0.014155251,0.023835616,9.641067457,0.0,Nov,3,2,3,2,Returning_Visitor,1,1
0,0.0,4,620.25,23,997.2878788,0.012,0.031897436,0.0,0.0,Dec,1,1,3,2,Returning_Visitor,1,0
0,0.0,0,0.0,10,279.3333333,0.02,0.025,0.0,0.0,Nov,3,2,9,2,New_Visitor,0,0
1,20.2,0,0.0,6,1561.2,0.028571429,0.057142857,0.0,0.0,Nov,4,2,3,1,Returning_Visitor,1,0
1,21.0,0,0.0,31,945.6666667,0.006896552,0.010344828,0.0,0.0,May,2,2,1,4,New_Visitor,0,0
0,0.0,0,0.0,7,76.5,0.007142857,0.066190476,0.0,0.0,May,3,2,1,1,Returning_Visitor,0,0
0,0.0,0,0.0,25,280.9333333,0.0,0.022666667,0.0,0.4,May,2,2,1,13,Returning_Visitor,0,0
2,262.6666667,3,112.0,127,4214.779822,0.008396947,0.018035252,0.0,0.0,Nov,3,2,1,3,Returning_Visitor,0,0
0,0.0,0,0.0,1,0.0,0.2,0.2,0.0,0.0,Dec,2,2,3,1,Other,1,0
4,37.5,2,82.0,4,96.625,0.0,0.0175,0.0,0.0,Nov,2,2,9,2,New_Visitor,0,0
1,55.0,2,18.0,9,548.0,0.0,0.04,17.2704,0.0,May,2,4,3,4,Returning_Visitor,0,1
0,0.0,0,0.0,3,57.4,0.0,0.133333333,0.0,0.0,Aug,3,2,1,3,Returning_Visitor,0,0
7,340.6111111,2,129.0,57,4516.588312,0.005,0.015180847,8.052616667,0.0,May,2,2,1,2,Returning_Visitor,0,0
3,70.4,0,0.0,9,144.0666667,0.0,0.0,0.0,0.0,Oct,1,1,1,3,New_Visitor,0,0
0,0.0,0,0.0,2,9.0,0.0,0.1,0.0,0.0,May,2,2,2,3,Returning_Visitor,0,0
2,96.0,0,0.0,37,1238.5,0.005128205,0.016410256,0.0,0.0,Mar,2,2,1,2,New_Visitor,0,0
1,44.0,0,0.0,25,773.4666667,0.0,0.029142857,10.3572,0.0,Mar,2,2,1,2,Returning_Visitor,1,1
3,159.1666667,2,8.0,69,2766.942172,0.002816901,0.028665325,5.931332852,0.0,Dec,2,2,1,2,Returning_Visitor,0,0
4,50.5,3,54.0,41,1490.552778,0.0,0.006589147,0.0,0.0,Mar,2,2,1,2,Returning_Visitor,0,0
0,0.0,0,0.0,8,856.4166667,0.0,0.028571429,44.56114286,0.6,May,2,4,9,5,Returning_Visitor,0,1
0,0.0,0,0.0,6,224.0,0.0,0.016666667,0.0,0.0,May,4,1,3,2,Returning_Visitor,0,0
0,0.0,0,0.0,12,468.0,0.016666667,0.033333333,0.0,0.0,Mar,4,1,4,3,Returning_Visitor,0,0
0,0.0,0,0.0,12,323.0,0.033333333,0.066666667,0.0,0.0,Mar,2,2,1,3,Returning_Visitor,1,0
0,0.0,0,0.0,43,703.8333333,0.0,0.006976744,0.0,0.0,May,2,4,1,2,Returning_Visitor,0,0
0,0.0,0,0.0,33,889.72,0.012121212,0.044444444,0.0,0.0,Nov,2,2,3,1,Returning_Visitor,0,0
0,0.0,0,0.0,17,1338.8,0.058823529,0.094117647,0.0,0.0,Aug,2,2,3,13,Returning_Visitor,0,0
1,6.0,0,0.0,10,506.4,0.0,0.02,0.0,0.0,Sep,1,1,3,5,New_Visitor,1,0
0,0.0,0,0.0,2,0.0,0.2,0.2,0.0,0.0,Mar,2,5,1,1,Returning_Visitor,0,0
0,0.0,0,0.0,1,0.0,0.2,0.2,0.0,0.0,Nov,3,2,2,1,Returning_Visitor,0,0
1,18.83333333,0,0.0,2,23.83333333,0.0,0.05,0.0,0.0,Dec,3,2,1,10,Returning_Visitor,0,0
2,171.2,0,0.0,16,218.0,0.011111111,0.033333333,0.0,0.0,Oct,1,2,6,4,Returning_Visitor,0,0
0,0.0,0,0.0,1,0.0,0.2,0.2,0.0,0.0,Nov,1,1,5,3,Returning_Visitor,0,0
0,0.0,0,0.0,23,1516.966667,0.0,0.024242424,0.0,0.2,May,1,1,8,1,Returning_Visitor,0,0
0,0.0,0,0.0,40,4175.75,0.048333333,0.106,0.0,1.0,May,2,2,1,3,Returning_Visitor,1,0
0,0.0,0,0.0,8,497.25,0.016666667,0.025,0.0,0.0,Dec,1,8,3,1,Returning_Visitor,1,0
0,0.0,3,91.0,87,3006.883631,0.00462963,0.018585538,0.0,0.0,Dec,3,2,3,1,Returning_Visitor,0,0
0,0.0,0,0.0,10,392.5,0.0,0.02,42.83887416,0.0,Nov,1,1,2,2,New_Visitor,0,1
7,1463.333333,0,0.0,30,1410.238889,0.005263158,0.010557237,0.0,0.0,Nov,1,1,4,2,New_Visitor,0,0
6,229.0,2,40.02,71,2576.432121,0.01027027,0.045526366,0.0,0.0,Oct,1,1,2,1,Returning_Visitor,1,0
3,52.9,0,0.0,8,278.58,0.0,0.01,26.18180656,0.0,Jul,1,1,1,2,New_Visitor,0,0
3,102.8,0,0.0,25,1109.233333,0.0,0.001666667,61.30486592,0.0,Aug,2,2,6,5,New_Visitor,0,1
3,21.0,0,0.0,19,750.2083333,0.0,0.019047619,60.51988521,0.0,Nov,2,2,2,3,Returning_Visitor,0,1
0,0.0,0,0.0,7,93.7,0.028571429,0.071428571,0.0,1.0,May,3,2,2,4,Returning_Visitor,1,0
0,0.0,0,0.0,3,80.0,0.066666667,0.133333333,0.0,0.2,Feb,3,2,1,3,Returning_Visitor,0,0
2,26.66666667,0,0.0,79,2619.109709,0.016315049,0.020747988,0.0,0.0,Nov,1,1,3,10,Returning_Visitor,1,0
0,0.0,0,0.0,2,41.5,0.0,0.1,0.0,0.0,Dec,2,2,5,1,Returning_Visitor,0,0
2,11.0,0,0.0,12,347.0,0.0,0.023076923,9.960923077,0.0,May,1,1,3,3,Returning_Visitor,1,1
7,184.9333333,4,277.5,70,3993.135714,0.006,0.014539683,32.09724943,0.0,Nov,3,2,1,2,Returning_Visitor,1,1
6,158.6704505,1,430.2,146,5602.006712,0.002671513,0.00935218,6.711290592,0.0,Nov,2,10,7,2,Returning_Visitor,0,1
11,344.1,2,477.6,57,1475.608427,0.01641791,0.030868963,10.45977002,0.0,Oct,1,1,3,1,Returning_Visitor,0,0
0,0.0,0,0.0,5,241.0,0.0,0.08,0.0,1.0,May,2,2,5,1,Returning_Visitor,1,0
4,72.0,0,0.0,32,2258.175,0.0,0.025714286,38.19067209,0.0,Nov,2,2,9,2,Returning_Visitor,0,0
0,0.0,0,0.0,3,109.0,0.0,0.033333333,0.0,0.0,May,3,2,4,4,Returning_Visitor,1,0
3,117.0,0,0.0,5,68.0,0.0,0.033333333,0.0,1.0,May,2,2,6,5,New_Visitor,1,0
0,0.0,0,0.0,1,0.0,0.2,0.2,0.0,0.0,Sep,2,4,4,4,Returning_Visitor,0,0
1,11.5,1,94.0,98,6212.779517,0.024162985,0.033991575,0.0,0.0,Nov,3,2,4,10,Returning_Visitor,1,0
0,0.0,0,0.0,7,723.0,0.0,0.028571429,32.90611766,0.0,Dec,2,2,4,1,Returning_Visitor,1,1
0,0.0,0,0.0,12,250.25,0.05,0.083333333,0.0,0.0,Dec,1,1,1,3,Returning_Visitor,1,0
0,0.0,0,0.0,19,866.3333333,0.0,0.025,14.58941181,0.0,Dec,2,4,3,2,Returning_Visitor,1,0
0,0.0,0,0.0,73,1209.761905,0.002816901,0.007668232,0.0,0.0,May,2,4,3,1,Returning_Visitor,1,0
0,0.0,2,18.0,1,46.0,0.0,0.066666667,0.0,0.0,Mar,2,2,7,10,Returning_Visitor,0,0
7,241.8611111,3,228.0,154,4755.224054,0.009808489,0.029142563,1.104440234,0.0,Nov,1,2,2,1,Returning_Visitor,0,0
6,81.83333333,0,0.0,7,166.5,0.0,0.015384615,0.0,0.0,Nov,2,2,3,3,New_Visitor,0,0
0,0.0,0,0.0,2,14.0,0.0,0.1,0.0,0.0,May,2,2,1,1,Returning_Visitor,0,0
0,0.0,0,0.0,11,151.5,0.016666667,0.066666667,0.0,0.0,May,2,2,2,6,Returning_Visitor,1,0
2,28.0,0,0.0,42,1329.666667,0.0,0.002325581,80.04344186,0.0,May,2,2,1,4,Returning_Visitor,1,1
3,52.0,0,0.0,56,2145.563492,0.011403509,0.025292398,13.11733918,0.0,May,2,2,1,14,Returning_Visitor,0,1
5,129.625,1,15.0,25,389.4107143,0.007692308,0.014102564,0.0,0.0,Dec,3,2,1,2,Returning_Visitor,1,0
0,0.0,0,0.0,1,0.0,0.2,0.2,0.0,0.0,Dec,3,2,7,1,Returning_Visitor,0,0
0,0.0,0,0.0,4,9.0,0.1,0.15,0.0,0.0,Mar,3,2,3,1,Returning_Visitor,0,0
1,94.0,0,0.0,10,332.75,0.0,0.02,0.0,0.0,May,2,2,3,6,Returning_Visitor,0,0
3,145.2,0,0.0,11,1646.366667,0.0,0.027777778,0.0,0.0,June,2,2,2,1,Returning_Visitor,0,0
0,0.0,0,0.0,4,117.0,0.15,0.175,0.0,0.6,May,3,2,3,3,Returning_Visitor,0,0
0,0.0,0,0.0,1,0.0,0.2,0.2,0.0,0.0,Nov,1,1,2,2,Returning_Visitor,0,0
0,0.0,0,0.0,40,974.0833333,0.006837607,0.028205128,0.0,0.0,Nov,2,2,1,3,Returning_Visitor,0,0
7,989.9,0,0.0,27,1474.233333,0.013333333,0.025634921,0.0,0.0,May,3,2,1,3,Returning_Visitor,0,0
13,295.9285714,5,17.9,154,6759.311928,0.005767417,0.02883646,0.0,0.0,Nov,2,2,3,10,Returning_Visitor,0,0
5,98.91666667,0,0.0,10,177.5833333,0.0,0.018181818,0.0,0.0,Nov,4,2,7,2,Returning_Visitor,0,0
5,150.4444444,0,0.0,23,659.6361111,0.039463602,0.056586058,0.0,0.0,Nov,3,2,1,1,Returning_Visitor,0,1
9,192.9204545,2,114.5,60,1394.236526,0.0,0.003030303,63.64653548,0.0,Dec,2,2,7,2,Returning_Visitor,0,1
1,54.5,0,0.0,35,1267.0625,0.005555556,0.021296296,9.458902094,0.0,Dec,2,2,3,10,Returning_Visitor,1,0
0,0.0,0,0.0,5,47.5,0.08,0.12,0.0,0.0,Dec,2,2,1,3,Returning_Visitor,0,0
2,144.0,0,0.0,25,1711.333333,0.0,0.008,0.0,0.0,May,2,2,1,1,Returning_Visitor,0,0
0,0.0,0,0.0,19,696.875,0.010526316,0.035087719,0.0,0.0,Dec,1,2,4,2,Returning_Visitor,0,0
1,4.0,0,0.0,28,877.6666667,0.0,0.003571429,0.0,0.0,Nov,2,2,9,2,New_Visitor,1,0
0,0.0,1,77.0,58,3757.75,0.015819209,0.038418079,0.0,0.0,Nov,2,5,1,1,Returning_Visitor,0,1
0,0.0,2,88.6,35,682.1833333,0.0,0.001388889,0.0,0.0,Jul,1,1,3,1,Returning_Visitor,0,0
10,295.6940559,0,0.0,29,785.474359,0.0,0.001481481,34.99166667,0.0,May,2,2,5,4,Returning_Visitor,1,1
0,0.0,0,0.0,14,1037.5,0.014285714,0.047619048,0.0,0.0,Mar,2,2,4,2,Returning_Visitor,0,0
1,576.0,0,0.0,13,587.75,0.030769231,0.061538462,0.0,0.0,Nov,1,1,4,1,Returning_Visitor,0,0
0,0.0,0,0.0,6,63.5,0.0,0.016666667,0.0,0.4,May,3,2,7,4,Returning_Visitor,0,0
0,0.0,0,0.0,8,106.0833333,0.025,0.05625,0.0,0.0,Dec,1,1,2,1,Returning_Visitor,0,0
3,94.0,0,0.0,19,707.2666667,0.0,0.035714286,0.0,0.0,May,2,2,4,2,Returning_Visitor,0,0
0,0.0,0,0.0,7,444.0,0.0,0.028571429,59.75418351,0.0,Dec,1,1,2,8,New_Visitor,1,1
0,0.0,0,0.0,3,67.5,0.0,0.066666667,0.0,0.0,Mar,1,1,3,3,Returning_Visitor,1,0
1,4.0,0,0.0,8,492.25,0.0,0.044444444,0.0,0.0,Dec,2,2,1,2,New_Visitor,0,0
6,77.0,0,0.0,42,3436.066667,0.000757576,0.019480519,0.0,0.0,May,2,2,3,4,Returning_Visitor,0,0
0,0.0,0,0.0,9,232.8333333,0.033333333,0.046666667,0.0,0.0,May,1,1,3,1,Returning_Visitor,0,0
5,136.1,0,0.0,45,1424.804887,0.0,0.008333333,10.19295165,0.0,Nov,2,2,6,2,Returning_Visitor,1,1
0,0.0,1,30.5,24,1689.134524,0.0,0.008,0.0,0.0,Nov,2,2,9,2,Returning_Visitor,0,0
0,0.0,0,0.0,8,413.0,0.0,0.0125,0.0,0.0,Sep,1,1,4,3,New_Visitor,0,0
1,20.2,0,0.0,13,227.6,0.0,0.0,42.29306752,0.0,Jul,2,2,3,3,New_Visitor,0,0
7,290.6666667,0,0.0,35,1384.533333,0.001754386,0.016885965,12.68583158,0.0,May,2,2,2,2,Returning_Visitor,1,0
5,193.0,1,13.0,66,2049.458471,0.004489796,0.012765306,29.45815149,0.0,Mar,3,2,3,1,Returning_Visitor,1,0
0,0.0,0,0.0,8,194.4,0.0,0.025,0.0,0.0,Aug,2,10,6,4,Returning_Visitor,0,0
2,35.0,0,0.0,2,6.0,0.0,0.05,0.0,0.0,Mar,2,2,9,2,New_Visitor,0,0
0,0.0,0,0.0,9,1397.666667,0.022222222,0.027777778,0.0,0.0,Nov,3,2,4,2,Returning_Visitor,0,0
1,24.0,0,0.0,15,496.75,0.0,0.00625,115.48625,0.0,May,2,2,3,2,Returning_Visitor,0,1
0,0.0,0,0.0,30,1500.213333,0.0,0.003333333,0.0,0.0,Oct,2,6,1,1,Returning_Visitor,0,0
1,20.0,0,0.0,21,2179.666667,0.0,0.002105263,0.0,0.0,May,2,2,1,2,Returning_Visitor,1,0
0,0.0,0,0.0,33,1324.616667,0.009677419,0.043870968,0.0,0.2,May,2,2,1,4,Returning_Visitor,0,0
